condition,pigeon,small.big,dist2cent,dist2pred,study.flight,ang_vel,init
p,24,s,6.744292834,27.10859893,10,0.131330122,turn
p,24,s,9.461597793,44.13584863,10,0.119724076,turn
p,24,s,7.796133496,65.39894176,10,0.032363339,turn
p,24,s,5.373415052,69.26545444,10,0.347707572,turn
p,24,s,3.544359941,60.50257586,10,0.084469214,turn
p,24,s,3.586041734,59.44499896,10,0.111947219,turn
p,24,s,2.825165703,53.97861266,10,0.143368371,turn
p,24,s,2.613814466,62.28801325,10,0.809683499,turn
p,24,s,4.154609565,127.583418,10,0.043302313,turn
p,28,s,2.601122551,23.8807662,10,0.995606659,turn
p,28,s,5.439002232,24.36812615,10,0.111493121,turn
p,28,s,7.780695281,44.15376321,10,0.14534746,turn
p,28,s,7.417342995,54.61668132,10,0.018759939,turn
p,28,s,3.693184808,61.91431282,10,0.005809198,turn
p,28,s,5.586396984,56.35057848,10,0.097580953,turn
p,28,s,3.786854805,128.0515266,10,0.090894202,turn
p,45,s,1.827157992,23.12237705,10,0.642701006,turn
p,45,s,6.527143014,25.92405866,10,0.073564076,turn
p,45,s,9.42813552,45.67750426,10,0.048772648,turn
p,45,s,7.660858252,54.82073537,10,0.112715288,turn
p,45,s,4.615291792,55.3172002,10,0.059483268,turn
p,45,s,3.45521384,127.7271386,10,0.087582108,turn
p,45,s,4.873388758,195.5133973,10,0.004012258,turn
p,48,s,1.238405134,22.63354531,10,1.080280416,turn
p,48,s,13.47028093,37.32649401,10,0.002366094,turn
p,48,s,17.26576998,55.8366416,10,0.031292158,turn
p,48,s,11.72841541,67.35904362,10,0.142322538,turn
p,48,s,9.256458194,72.79628679,10,0.054669615,turn
p,48,s,3.806425672,55.18396769,10,0.127127005,turn
p,48,s,4.808238844,133.5623431,10,0.103912193,turn
p,61,s,4.194053531,18.56847091,10,0.818505121,split
p,61,s,37.40270986,21.23912018,10,0.108893757,turn
p,61,s,45.40899355,37.2876389,10,0.172644804,turn
p,61,s,21.85751096,34.24320638,10,0.195374725,turn
p,64,s,7.183530477,16.0402904,10,0.461091998,split
p,64,s,3.239145374,58.27258914,10,0.030803528,turn
p,64,s,4.169815996,63.22400666,10,0.127436385,turn
p,64,s,4.119468657,54.67066197,10,0.124607656,turn
p,64,s,4.931319589,54.96372526,10,0.153141606,turn
p,64,s,1.828411918,124.1497823,10,0.064409219,turn
p,80,s,1.33328266,20.09592584,10,0.606046969,turn
p,80,s,3.133233687,19.35344755,10,0.040926764,turn
p,80,s,7.242327472,55.8170129,10,0.016358631,turn
p,80,s,4.479429092,67.06466338,10,0.02489663,turn
p,80,s,4.40616861,55.47958288,10,0.174784691,turn
p,80,s,2.914977401,131.8558426,10,0.130423288,turn
p,91,s,7.97720476,22.66169462,10,0.324525081,turn
p,91,s,8.965950596,27.0761383,10,0.063999098,turn
p,91,s,9.873288572,46.74917749,10,0.165130805,turn
p,91,s,7.927246728,55.39129536,10,0.013204658,turn
p,91,s,4.991733327,69.06242344,10,0.19588932,turn
p,91,s,3.874433837,54.39240548,10,0.161361431,turn
p,91,s,3.11405701,126.6854143,10,0.091478691,turn
p,27,s,3.529771412,40.08384668,11,0.102104327,turn
p,27,s,3.382175893,156.38225,11,0.01092645,turn
p,37,s,4.331407888,47.14658318,11,0.025377218,turn
p,37,s,11.63663626,101.2324,11,0.030609983,turn
p,37,s,6.545510913,158.5311455,11,9.85E-05,turn
p,43,s,4.298385021,44.20085128,11,0.019087832,turn
p,43,s,11.14641783,92.81110854,11,0.006141669,turn
p,43,s,11.12842951,95.07914797,11,0.005701784,turn
p,43,s,10.85857675,97.01423273,11,0.165542007,turn
p,43,s,3.427811739,153.5503695,11,0.025632005,turn
p,57,s,6.465309761,35.44237064,11,0.31732862,turn
p,57,s,4.948969299,157.7006646,11,0.191426033,turn
p,65,s,74.77168403,82.8687418,11,0.12464114,turn
p,65,s,44.02323543,141.6678791,11,0.107345905,turn
p,84,s,4.31686786,41.63039198,11,0.023497534,turn
p,84,s,3.76715741,156.4395974,11,0.17032253,turn
p,92,s,3.36432521,39.14042842,11,0.099565467,turn
p,92,s,9.619738789,108.2000303,11,0.000740135,turn
p,92,s,3.940289448,153.8798718,11,0.202322509,turn
p,94,s,3.150038012,39.90389701,11,0.073561997,turn
p,94,s,11.26414483,91.39000609,11,0.161844894,turn
p,94,s,4.46020637,153.158726,11,0.049924717,turn
p,30,s,0.874554408,67.47442441,12,0.980363931,turn
p,30,s,4.023320004,63.54703936,12,0.036281881,turn
p,30,s,1.171419943,71.192525,12,0.217159375,turn
p,30,s,2.386467345,83.31442373,12,0.047162545,turn
p,30,s,2.289976588,93.58160922,12,0.072858547,turn
p,30,s,0.806203569,142.1367371,12,0.00649405,turn
p,31,s,2.190472076,63.30177067,12,0.176983028,turn
p,31,s,6.998000386,67.38761513,12,0.272620792,turn
p,31,s,5.003700669,77.76073378,12,0.035291536,turn
p,31,s,0.865455787,98.47550906,12,0.122383903,turn
p,31,s,2.207211179,94.63113851,12,0.039798129,turn
p,31,s,1.648839895,106.3094253,12,0.076952473,turn
p,31,s,1.160054824,141.044651,12,0.038754538,turn
p,31,s,0.946192276,179.7478336,12,0.107748075,turn
p,51,s,1.121540762,66.60024284,12,0.420212912,turn
p,51,s,0.267270547,74.13595487,12,0.104136939,turn
p,51,s,0.736692503,87.0523189,12,0.127768008,turn
p,51,s,0.518833771,99.32555622,12,0.016648474,turn
p,51,s,0.949864315,93.90051709,12,0.066777574,turn
p,51,s,1.732301289,104.1535325,12,0.076453357,turn
p,51,s,1.168564465,143.4996021,12,0.121185043,turn
p,51,s,2.218889703,178.6806245,12,0.045996395,turn
p,62,s,1.976209407,68.29256444,12,0.602590077,turn
p,62,s,2.289706571,74.23810319,12,0.220195289,turn
p,62,s,2.044194123,92.10339844,12,0.092643841,turn
p,62,s,1.206737441,100.9958425,12,0.048898195,turn
p,62,s,1.693265276,95.38326123,12,0.002049536,turn
p,62,s,1.59008237,106.0490383,12,0.058638668,turn
p,62,s,1.821396781,114.5706388,12,0.103550257,turn
p,62,s,1.69203562,140.4483254,12,0.045391319,turn
p,62,s,1.551048152,179.0132848,12,0.031667974,turn
p,63,s,0.887250895,66.72655443,12,2.88E-05,turn
p,63,s,1.403441203,72.68588085,12,0.186950249,turn
p,63,s,1.827007692,91.90238401,12,0.023028133,turn
p,63,s,1.725163617,95.8665669,12,0.055063074,turn
p,63,s,1.38844754,103.3283766,12,0.186233359,turn
p,63,s,3.779532837,115.0968488,12,0.041047518,turn
p,63,s,1.550769009,141.2258673,12,0.004792243,turn
p,63,s,2.021479738,186.0220593,12,0.010234478,turn
p,82,s,0.806965793,66.31315457,12,0.365766384,turn
p,82,s,2.268354194,71.12076709,12,0.044680031,turn
p,82,s,1.05403414,99.26943456,12,0.14566122,turn
p,82,s,0.952171884,95.26584007,12,0.05761764,turn
p,82,s,0.561685596,105.2805961,12,0.09739962,turn
p,82,s,0.88267416,143.624761,12,0.197221594,turn
p,82,s,2.566822738,181.1675685,12,0.262567687,turn
p,88,s,0.51266244,66.51115036,12,0.456889759,turn
p,88,s,1.544339694,75.44348528,12,0.159256092,turn
p,88,s,1.349759519,83.83728904,12,0.033482236,turn
p,88,s,1.112035333,96.87945343,12,0.067408302,turn
p,88,s,1.36098921,106.0114603,12,0.123029676,turn
p,88,s,1.743454369,112.5826432,12,0.071670916,turn
p,88,s,1.344770879,140.4830308,12,1.81E-05,turn
p,88,s,1.451042859,182.9405988,12,0.241550216,turn
p,98,s,1.085756923,66.02026334,12,0.64000974,turn
p,98,s,3.69010635,73.95727637,12,0.519580533,turn
p,98,s,2.626053376,71.16472353,12,0.02595269,turn
p,98,s,1.348042858,94.67731367,12,0.06951338,turn
p,98,s,2.583990738,102.8688929,12,0.043465685,turn
p,98,s,3.48419255,141.6279105,12,0.08031326,turn
p,98,s,3.287556025,178.4283701,12,0.049795265,turn
p,32,s,0.456855563,18.98342641,13,0.641416097,turn
p,32,s,27.84384,47.3852855,13,0.020345885,turn
p,32,s,30.74476089,23.95476367,13,0.023552824,turn
p,46,s,1.069222333,14.16600953,13,0.089128713,turn
p,46,s,2.128845909,24.88409532,13,0.020395705,turn
p,46,s,13.50183433,26.51870939,13,0.104469842,turn
p,47,s,0.384900184,18.99284216,13,0.68765523,turn
p,47,s,37.9684696,52.68944924,13,0.147641154,turn
p,47,s,35.83941168,23.27192668,13,0.097059664,turn
p,53,s,1.608639076,17.12346887,13,0.730666953,turn
p,53,s,1.874145439,23.79046678,13,0.108976844,turn
p,53,s,17.02396766,36.97405605,13,0.146669917,turn
p,53,s,59.89991269,54.27935638,13,0.187391283,turn
p,55,s,2.720835687,16.01323469,13,0.61347783,turn
p,55,s,39.75498365,30.20814917,13,0.14365175,turn
p,59,s,1.186579379,19.61998198,13,0.375198556,turn
p,59,s,2.329544946,8.335864745,13,0.258566476,turn
p,59,s,36.35842174,55.85161784,13,0.104982522,turn
p,59,s,35.27955538,18.67867142,13,0.02909993,turn
p,67,s,0.641560492,19.33464113,13,0.961763803,turn
p,67,s,30.29397284,45.85461808,13,0.143849033,turn
p,67,s,28.99754246,12.5836539,13,0.069615709,turn
p,81,s,0.956114385,17.78111146,13,0.339615457,turn
p,81,s,30.48003956,50.41675838,13,0.061142138,turn
p,81,s,32.29929589,16.51569442,13,0.053239351,turn
p,85,s,3.032931198,21.30024402,13,0.609398275,turn
p,85,s,3.8355966,10.35715881,13,0.113099908,turn
p,85,s,138.0102901,135.4968186,13,0.024753375,turn
p,95,s,1.481039405,18.88217137,13,0.87389939,turn
p,95,s,31.21837322,50.19253513,13,0.047874694,turn
p,95,s,32.40695502,17.20717502,13,0.164004042,turn
p,24,s,2.907301935,25.51997423,14,0.238249716,turn
p,24,s,10.50995517,69.94224688,14,0.120808904,turn
p,24,s,2.785217481,35.57080023,14,0.161111771,turn
p,24,s,1.790168515,40.57869781,14,0.072235969,turn
p,24,s,2.518109543,46.39989755,14,0.010372043,turn
p,24,s,1.156866119,83.36947698,14,0.013206843,turn
p,28,s,3.72487005,24.53474644,14,0.169464201,turn
p,28,s,5.684122305,53.41372616,14,0.176614518,turn
p,28,s,6.074452082,65.38582136,14,0.068557965,turn
p,28,s,1.259010649,39.36179968,14,0.03136698,turn
p,28,s,1.797103436,40.09681085,14,0.060365068,turn
p,28,s,1.287503721,47.00684328,14,0.002992693,turn
p,28,s,0.892166088,80.35554532,14,0.022255162,turn
p,45,s,1.487284292,21.31986653,14,0.296924852,turn
p,45,s,7.50527874,66.43384701,14,0.215354698,turn
p,45,s,2.49813488,37.58953153,14,0.156471388,turn
p,45,s,3.759490002,42.52503521,14,0.207094588,turn
p,45,s,3.345965849,83.81730851,14,0.050690617,turn
p,48,s,2.414384638,20.42219891,14,0.520001644,turn
p,48,s,1.896830255,18.74412257,14,0.048487357,turn
p,48,s,7.544438508,66.33725835,14,0.192797807,turn
p,48,s,2.628919721,40.25291303,14,0.058954166,turn
p,48,s,2.562571725,42.08445083,14,0.061916033,turn
p,61,s,2.653113331,23.30894696,14,0.410753466,turn
p,61,s,4.315316102,21.87809922,14,0.020240228,turn
p,61,s,4.42956341,23.61407103,14,0.027742783,turn
p,61,s,8.148143964,67.50266654,14,0.070352775,turn
p,61,s,2.842621676,44.10302851,14,0.026428422,turn
p,61,s,4.34154284,42.03068044,14,0.027851768,turn
p,64,s,10.89840378,15.26608493,14,0.324410591,split
p,64,s,21.43005844,19.84678186,14,0.149626624,turn
p,64,s,26.0133737,25.22329664,14,0.127257718,turn
p,64,s,57.74604046,31.95586639,14,0.072082009,turn
p,64,s,20.35218772,44.1743171,14,0.294738963,split
p,80,s,3.850144477,26.59625767,14,0.426141013,turn
p,80,s,4.162969478,24.73014187,14,0.154963869,turn
p,80,s,6.165903527,65.19220043,14,0.124804197,turn
p,80,s,3.227651443,41.86631675,14,0.011527944,turn
p,80,s,4.301319564,46.11823444,14,0.141715826,turn
p,80,s,1.462680804,81.25476778,14,0.036363982,turn
p,91,s,1.189362436,23.93275525,14,0.253290451,turn
p,91,s,1.349402806,23.09468286,14,0.014662333,turn
p,91,s,8.165995409,67.40415637,14,0.097397715,turn
p,91,s,2.05227334,39.85193268,14,0.206219398,turn
p,91,s,4.740640396,41.79562271,14,0.015934292,turn
p,27,s,2.621780484,14.80401389,15,0.76085992,turn
p,27,s,3.594981319,5.732425576,15,0.041324251,turn
p,27,s,1.245695471,17.14753651,15,0.018895742,turn
p,27,s,5.010537967,31.39714387,15,0.059390374,turn
p,27,s,1.169935332,180.1675694,15,0.030361694,turn
p,27,s,0.838392851,187.7322631,15,0.027725522,turn
p,37,s,0.298013968,17.02465512,15,0.411473438,turn
p,37,s,2.016737256,9.98864474,15,0.303131794,turn
p,37,s,2.839749375,20.05949467,15,0.421726785,turn
p,37,s,3.053081392,28.57896126,15,0.037335624,turn
p,43,s,3.380911824,10.20863477,15,0.013069235,turn
p,43,s,2.7000829,22.57695303,15,0.072893603,turn
p,43,s,1.948017384,32.66731142,15,0.055059765,turn
p,43,s,1.475787382,51.85911275,15,0.108508302,turn
p,43,s,0.930380815,64.31625491,15,0.031917224,turn
p,43,s,1.010883902,66.07484565,15,0.092439062,turn
p,43,s,1.210030164,183.7215515,15,0.0099855,turn
p,57,s,0.982554665,18.2754506,15,0.543109749,turn
p,57,s,1.670025933,9.510026763,15,0.140102437,turn
p,57,s,2.244734814,12.76287754,15,0.615874229,turn
p,57,s,1.976661915,21.87511261,15,0.088145935,turn
p,57,s,3.496439027,33.49649322,15,0.035158789,turn
p,65,s,1.485131596,15.85987715,15,0.473097794,turn
p,65,s,1.007307203,7.077423151,15,0.211860556,turn
p,65,s,2.692915476,10.78181929,15,0.022629687,turn
p,65,s,5.584227748,15.71033397,15,0.255972157,turn
p,65,s,8.411479657,26.04226347,15,0.01792508,turn
p,65,s,8.494034742,77.90173514,15,0.156362191,turn
p,65,s,8.321585077,127.6540327,15,0.048578676,turn
p,65,s,8.198042778,131.2831869,15,0.012006419,turn
p,65,s,9.196393303,188.7349543,15,0.005118957,turn
p,65,s,9.311869965,192.4220897,15,0.06925694,turn
p,65,s,9.216479461,199.9713473,15,0.004603201,turn
p,84,s,0.642396603,17.91974511,15,0.40197806,turn
p,84,s,4.233845139,7.328879672,15,0.214435548,turn
p,84,s,3.723281668,24.80798316,15,0.1776411,turn
p,84,s,5.093955176,36.08018378,15,0.167781889,turn
p,84,s,2.956032838,60.87402105,15,0.039276491,turn
p,92,s,3.65101456,20.88405866,15,0.075877517,turn
p,92,s,6.878512512,13.94880451,15,0.083633118,turn
p,92,s,1.794032412,21.76724718,15,0.180910595,turn
p,92,s,2.213857767,33.05069818,15,0.150835211,turn
p,92,s,0.569015374,162.3870986,15,0.045870883,turn
p,94,s,0.743756616,16.65958299,15,0.214522141,turn
p,94,s,0.747746469,7.32384711,15,0.154952006,turn
p,94,s,2.214241649,11.51325937,15,0.014051165,turn
p,94,s,1.866625418,19.88841914,15,0.023563831,turn
p,94,s,0.516688292,20.78389902,15,0.347052728,turn
p,94,s,2.810916901,31.88314133,15,0.038028829,turn
p,94,s,2.409436424,65.11222927,15,0.017215338,turn
p,94,s,2.415879939,66.83939008,15,0.091630177,turn
p,30,s,1.226234205,33.39354833,16,0.344152647,split
p,30,s,18.42215875,29.02521898,16,0.042839815,turn
p,30,s,7.059314315,196.0802623,16,0.067694665,turn
p,31,s,2.046203919,33.63722397,16,0.142119782,turn
p,31,s,2.891170688,1.446392039,16,0.07556644,turn
p,31,s,6.642477995,11.62486241,16,0.004023776,turn
p,31,s,4.449984314,23.62694114,16,0.197958782,turn
p,31,s,5.782659969,193.9506721,16,0.00475013,turn
p,51,s,1.140020205,32.33523902,16,0.481053852,turn
p,51,s,1.264980262,27.76936064,16,0.047596186,turn
p,51,s,1.588939344,26.27567147,16,0.184676564,turn
p,51,s,1.210048983,15.32502665,16,0.116746912,turn
p,51,s,0.604938497,81.7472934,16,0.007324213,turn
p,51,s,5.477630677,197.3799302,16,0.128850799,turn
p,62,s,1.422137799,27.0176921,16,0.083273626,turn
p,62,s,1.565301108,25.47894995,16,0.128843427,turn
p,62,s,3.85318306,19.02830825,16,0.054658412,turn
p,62,s,2.334718873,80.35501811,16,0.094686273,turn
p,62,s,1.359674994,158.4994961,16,0.132272516,turn
p,62,s,1.078512799,195.7390703,16,0.038466532,turn
p,63,s,0.445397083,32.95339269,16,0.440577115,turn
p,63,s,3.530222626,26.31182748,16,0.078811635,turn
p,63,s,2.906139624,197.4011137,16,0.076817015,turn
p,82,s,3.728656508,30.88421211,16,0.277757597,turn
p,82,s,3.677876652,17.41724283,16,0.011807759,turn
p,82,s,3.943972693,12.67396664,16,0.08620333,turn
p,82,s,1.60147148,18.68319366,16,0.051688431,turn
p,82,s,0.795225645,194.7068506,16,0.027114754,turn
p,88,s,2.557131778,32.90693324,16,0.473086943,turn
p,88,s,0.697085563,15.43463595,16,0.038687703,turn
p,88,s,0.75794691,81.96775337,16,0.084865441,turn
p,88,s,0.688061253,157.2963719,16,0.10855456,turn
p,88,s,1.832894482,195.2902704,16,0.074951213,turn
p,98,s,1.086723185,32.91357011,16,0.156294012,turn
p,98,s,1.010278907,30.37022756,16,0.24733567,turn
p,98,s,1.294454681,18.35808244,16,0.000118221,turn
p,98,s,0.959820707,22.31814314,16,0.00817869,turn
p,98,s,1.272937363,81.28615,16,0.096618363,turn
p,98,s,1.428308789,195.6911181,16,0.108561541,turn
p,32,s,13.31714047,57.16922645,17,0.184599509,turn
p,32,s,18.53135071,29.04591839,17,0.005688076,turn
p,32,s,94.16881631,22.62462833,17,0.144086877,turn
p,46,s,16.69362305,59.46501955,17,0.356031458,turn
p,46,s,19.70658077,29.88238349,17,0.027636023,turn
p,46,s,120.6781221,23.86057402,17,0.049476407,turn
p,47,s,14.97991008,57.61295634,17,0.286637783,turn
p,47,s,19.09001546,29.53592239,17,0.041047365,turn
p,47,s,94.65695742,23.06559346,17,0.025720979,turn
p,47,s,312.4380964,148.0828549,17,0.252211047,turn
p,53,s,34.20810062,34.31696586,17,0.744327456,split
p,53,s,38.31363872,37.10977855,17,0.086269595,turn
p,53,s,26.44792967,41.67855812,17,0.00180072,turn
p,53,s,29.30505677,36.36281471,17,0.074658247,turn
p,53,s,71.22344999,104.4511023,17,0.065202361,turn
p,53,s,120.7428744,152.7138621,17,0.129449977,turn
p,55,s,45.57574888,34.61737165,17,0.364204906,turn
p,55,s,66.77577134,32.97300036,17,0.049718314,turn
p,59,s,34.60506042,79.26089709,17,0.288391202,turn
p,59,s,30.27289834,75.84689749,17,0.066527979,turn
p,59,s,21.88854293,28.73247711,17,0.085214985,turn
p,59,s,116.1600806,27.26113905,17,0.012955939,turn
p,67,s,16.88755052,60.39841853,17,0.247271716,turn
p,67,s,20.09474513,29.39924874,17,0.017316462,turn
p,67,s,117.8699865,25.9833545,17,0.116339641,turn
p,81,s,17.06820702,58.97436615,17,0.380342894,turn
p,81,s,18.40726166,25.7841263,17,0.09621814,turn
p,81,s,93.71947048,22.99640032,17,0.163555683,turn
p,81,s,300.2232223,112.3844242,17,0.080908641,turn
p,85,s,15.84114529,57.41633482,17,0.225335464,turn
p,85,s,16.03796952,24.33663543,17,0.142546463,turn
p,85,s,78.11608914,40.55531111,17,0.169675547,turn
p,85,s,45.27445249,91.03271984,17,0.121880799,turn
p,95,s,49.63946056,32.78678547,17,0.398000256,turn
p,95,s,60.83504957,30.05598695,17,0.141951248,turn
p,24,s,2.620046017,32.43472113,18,0.280646669,turn
p,24,s,4.034051254,36.31602341,18,0.019265124,turn
p,24,s,3.592587644,41.77864158,18,0.012058234,turn
p,24,s,16.38933645,27.79263959,18,0.54917451,turn
p,24,s,35.8033198,79.27751096,18,0.098720739,turn
p,24,s,45.32684246,60.55411529,18,0.010746984,turn
p,24,s,48.43731313,77.78838073,18,0,turn
p,28,s,3.514666846,32.95439402,18,0.288639156,turn
p,28,s,7.843502601,41.71802824,18,0.069818221,turn
p,28,s,16.3021338,25.42008574,18,0.23210304,turn
p,28,s,45.28229883,57.29216159,18,0.010750137,turn
p,45,s,1.07706738,32.14563733,18,0.354368978,turn
p,45,s,2.735654007,37.60959158,18,0.170542112,turn
p,45,s,6.180133192,41.59275897,18,0.274625579,turn
p,45,s,3.953447054,42.8293733,18,0.236086549,turn
p,45,s,16.96990669,25.87904473,18,0.144415194,turn
p,45,s,33.68503928,74.42564927,18,0.057027788,turn
p,45,s,42.56426325,57.40611423,18,0.052755146,turn
p,48,s,4.327351358,36.00470376,18,0.386669562,turn
p,48,s,8.897424162,44.36667032,18,0.06759887,turn
p,48,s,15.33623157,24.61308895,18,0.180820455,turn
p,48,s,32.86659948,82.93529231,18,0.050280139,turn
p,48,s,44.58255736,58.50444477,18,0.091046539,turn
p,61,s,4.112360926,31.22147203,18,0.181262551,turn
p,61,s,7.380819418,31.24581413,18,0.111197418,turn
p,61,s,10.23516305,30.0418765,18,0.104364844,turn
p,61,s,23.95169512,30.38077445,18,0.124377853,turn
p,61,s,32.02484154,29.44694319,18,0.169658934,turn
p,61,s,76.7317757,71.36280542,18,0.32945191,turn
p,64,s,6.642381983,25.49257546,18,3.104267443,turn
p,64,s,14.99640449,26.25163634,18,0.059234659,turn
p,64,s,13.70613381,27.50496819,18,0.116704766,turn
p,64,s,31.28983537,26.88971573,18,0.094894345,turn
p,64,s,84.62194683,69.71093679,18,0.1284428,turn
p,80,s,3.095351032,32.03066853,18,0.196143756,turn
p,80,s,7.897484819,42.33295913,18,0.024766973,turn
p,80,s,13.88614259,24.45529607,18,0.026054894,split
p,80,s,27.39567282,49.3692666,18,0.104915178,turn
p,91,s,1.991807407,33.02399616,18,0.1916398,turn
p,91,s,3.364585264,42.01322241,18,0.128616372,turn
p,91,s,17.7772604,29.74227047,18,1.077226458,turn
p,91,s,35.52293659,73.77330124,18,0.047462059,turn
p,91,s,44.99063332,57.32286379,18,0.023488084,turn
p,27,s,3.222940873,28.23374291,19,0.551197968,turn
p,37,s,0.398495275,34.97492138,19,1.216009649,turn
p,37,s,5.149315953,72.31781979,19,0.120983713,turn
p,43,s,1.663871577,35.37396572,19,0.432097807,turn
p,43,s,2.531484388,71.96762566,19,0.12636547,turn
p,57,s,0.792798489,34.11417514,19,1.01052421,turn
p,57,s,4.382154246,71.51802909,19,0.118506429,turn
p,65,s,0.671613976,34.63644565,19,1.060216817,turn
p,84,s,1.675862337,36.43147352,19,0.691896718,split
p,84,s,9.953543985,85.16110597,19,0.174942834,turn
p,84,s,10.58245121,89.86593052,19,0.481229142,turn
p,84,s,10.15172031,94.27215163,19,0.141491695,turn
p,92,s,0.349539795,34.96864243,19,0.817771522,turn
p,94,s,0.442469819,34.55638586,19,0.971588236,turn
p,94,s,4.555126872,71.4446714,19,0.042868531,turn
p,24,b,1.814921398,38.42737998,21,0.764661488,turn
p,24,b,2.3167614,17.91482797,21,0.039609634,turn
p,24,b,3.225287343,28.93940424,21,0.112363383,turn
p,24,b,8.397124433,15.98521697,21,0.263336012,turn
p,24,b,24.10354525,177.7581617,21,0.065192161,turn
p,27,b,3.063442433,39.96743817,21,1.193567141,split
p,27,b,2.139317884,19.62445633,21,0.159355401,turn
p,27,b,2.030400598,27.8822112,21,0.043163725,turn
p,27,b,4.92602877,31.26666918,21,0.093640687,turn
p,27,b,5.946014535,16.17681893,21,0.183502036,turn
p,27,b,9.157865129,19.05945571,21,0.12952798,turn
p,28,b,66.57348176,153.9107121,21,0.123723961,turn
p,30,b,22.12703164,29.26713253,21,0.138973753,turn
p,30,b,63.76091764,54.74502671,21,0.10563899,turn
p,31,b,0.417415246,37.04101722,21,0.709087436,turn
p,31,b,5.501828585,13.78857507,21,0,turn
p,31,b,9.143557623,15.37415198,21,0.042660611,turn
p,31,b,142.2377591,123.5305438,21,0.039409392,turn
p,31,b,191.9458579,194.6944619,21,0.058929136,turn
p,32,b,1.474176372,35.60618815,21,0.83958446,turn
p,32,b,1.405211917,17.86255354,21,0.129464208,turn
p,32,b,4.674519903,30.3776973,21,0.046998994,turn
p,37,b,0.388356188,36.87418171,21,0.510107709,turn
p,37,b,2.614574228,20.62091675,21,0.051047415,turn
p,37,b,6.466775213,32.3875597,21,0.003223696,turn
p,37,b,34.57342539,64.06975684,21,0.011987294,turn
p,43,b,0.605281459,37.48593769,21,1.286415201,turn
p,43,b,3.020076515,21.83738523,21,0.013112356,turn
p,43,b,4.961020491,30.77989039,21,0.089743034,turn
p,43,b,11.37275902,13.9125268,21,0.418852955,turn
p,45,b,2.840227308,39.81664127,21,1.190454164,turn
p,45,b,5.508312797,21.0379469,21,0.062416663,turn
p,45,b,7.37012888,32.81124681,21,0.033963321,turn
p,45,b,15.11488289,11.79836796,21,0.035356402,turn
p,46,b,5.173174229,42.10813299,21,1.425029395,turn
p,46,b,2.474241669,17.44414943,21,0.083296915,turn
p,46,b,1.518509058,27.04617361,21,0.079859621,turn
p,46,b,9.373372414,14.17965381,21,0.202683662,turn
p,47,b,3.113106585,39.89421242,21,0.854035285,turn
p,47,b,3.387364734,17.28892099,21,0.050875413,turn
p,47,b,2.981970258,27.73911715,21,0.000105002,turn
p,47,b,6.900214837,16.43692101,21,0.075988541,turn
p,48,b,0.843178036,36.21050233,21,1.097987155,turn
p,48,b,1.843041704,20.18869077,21,0.090247159,turn
p,48,b,5.148453438,30.86278352,21,0.065672136,turn
p,48,b,11.42779072,13.20825316,21,0.061127984,turn
p,51,b,1.724996043,35.57000153,21,0.709193117,turn
p,51,b,4.611292917,19.4050588,21,0.029498215,turn
p,51,b,5.651834019,30.41370755,21,0.029085247,turn
p,51,b,11.21746275,13.43182482,21,0.082965854,turn
p,53,b,3.58136645,32.64421982,21,0.465836659,turn
p,53,b,3.426694805,22.44801535,21,0.127198401,turn
p,53,b,4.145519013,30.12545367,21,0.045846888,turn
p,53,b,12.14878009,15.5493525,21,0.165591958,turn
p,53,b,24.31569136,178.2774333,21,0.028512091,turn
p,55,b,4.601978906,30.74891823,21,0.274021164,turn
p,55,b,0.147235417,22.68398404,21,0.077352503,turn
p,55,b,56.21145196,38.68896144,21,0.018483533,turn
p,55,b,79.82364089,105.8166024,21,0.053543849,turn
p,57,b,3.367789727,40.37410807,21,1.033746456,split
p,57,b,2.529386116,18.43900925,21,0.080713568,turn
p,57,b,3.256019629,28.45370362,21,0.015613756,turn
p,57,b,7.414463331,11.3365626,21,0.28727445,turn
p,59,b,1.43717655,37.72655289,21,0.71034739,turn
p,59,b,5.8176915,16.33541914,21,0.107623245,turn
p,59,b,3.508269901,26.08085748,21,0.044954271,turn
p,59,b,8.680060909,12.73312491,21,0.210436046,turn
p,61,b,1.831511732,37.69486245,21,0.751469847,turn
p,61,b,3.808534055,18.73319563,21,0.07090086,turn
p,61,b,4.895672453,29.69270457,21,0.04068498,turn
p,61,b,8.120698393,34.11133706,21,0.038338877,turn
p,61,b,8.986430915,13.53624791,21,0.092560661,turn
p,62,b,3.038082964,19.4487093,21,0.072636928,turn
p,62,b,6.620378994,32.27372826,21,0.151113358,turn
p,62,b,22.31862716,175.3920313,21,0.036475959,turn
p,62,b,22.60116889,180.0997582,21,0.088302716,turn
p,63,b,2.287516502,35.79826027,21,0.944787842,turn
p,63,b,1.355046163,20.71400228,21,0.031739694,turn
p,63,b,2.415767017,27.62650685,21,0.059056666,turn
p,63,b,12.09113482,14.30034408,21,0.008207703,turn
p,64,b,2.739100409,34.28429763,21,0.771823297,turn
p,64,b,2.712222619,18.82332587,21,0.02454339,turn
p,64,b,5.755928008,30.97144203,21,0.026142262,turn
p,64,b,12.442102,13.29783537,21,0.225529419,turn
p,64,b,20.07296213,51.80019809,21,0.106733026,turn
p,64,b,20.06832883,113.0039901,21,0.044285246,turn
p,65,b,1.646777837,38.19965454,21,0.169396357,split
p,65,b,2.449152959,26.67149006,21,0.013343773,turn
p,65,b,7.407602151,11.87838347,21,0.230854765,turn
p,67,b,0.687442714,36.47670949,21,1.126068988,turn
p,67,b,4.3410322,20.49874022,21,0.012995671,turn
p,67,b,6.245838737,31.33430918,21,0.098390073,turn
p,67,b,12.87175695,13.12874333,21,0.197322291,turn
p,67,b,25.98187199,181.1898118,21,0.100613213,turn
p,80,b,1.960015973,35.05518864,21,0.733827467,turn
p,80,b,3.182233931,20.14264634,21,0.087033109,turn
p,80,b,4.506826132,30.32493337,21,0.075656177,turn
p,80,b,15.22273595,11.86857343,21,0.194325597,turn
p,80,b,24.24950549,96.86902331,21,0.040191127,turn
p,81,b,1.281569388,38.24139076,21,1.000905474,turn
p,81,b,2.123275895,19.71088374,21,0.078896731,turn
p,81,b,5.601407666,31.35246283,21,0.108314972,turn
p,81,b,32.99887063,67.98014484,21,0.011359345,turn
p,82,b,0.716944006,36.62946901,21,0.814839361,turn
p,82,b,2.710807562,21.50024533,21,0.090849881,turn
p,82,b,4.171879484,29.87694906,21,0.055761072,turn
p,82,b,7.376477547,14.71728324,21,0.057077155,turn
p,84,b,3.182829262,33.83285087,21,0.582624023,turn
p,84,b,3.25499095,21.8765342,21,0.156412398,turn
p,84,b,8.741607435,34.72217302,21,0.060802605,turn
p,84,b,13.41034454,14.97242829,21,0.227635614,turn
p,85,b,1.714785668,35.30903575,21,0.717833773,turn
p,85,b,5.634905298,20.46845851,21,0.002742833,turn
p,85,b,6.943947254,32.47395284,21,0.151552953,turn
p,85,b,9.434675445,34.88113777,21,0,turn
p,85,b,27.21727729,187.1089745,21,0.075219162,turn
p,88,b,2.535859826,39.54019682,21,0.667438115,turn
p,88,b,10.01632259,10.1826581,21,0.109990172,turn
p,88,b,9.054419812,19.16039967,21,0.045484872,turn
p,88,b,8.566433385,21.44471737,21,0.126403999,turn
p,88,b,7.407572687,11.82882929,21,0.443353835,turn
p,91,b,2.856900735,39.53881738,21,1.239751363,split
p,91,b,4.687942706,30.53065743,21,0.088769973,turn
p,91,b,13.37058224,15.20262579,21,0.055988742,turn
p,91,b,22.23716054,54.06751234,21,0.051908453,turn
p,91,b,24.39741484,92.07089067,21,0.105910265,turn
p,92,b,1.868124411,35.79777239,21,0.928844139,turn
p,92,b,3.887393609,19.85961773,21,0.067698104,turn
p,92,b,5.161843353,30.48334771,21,0.015007734,turn
p,92,b,12.65712304,13.2798224,21,0.084871838,turn
p,92,b,23.48450421,163.1751597,21,0.063860227,turn
p,92,b,24.46361151,182.0639152,21,0.027406336,turn
p,94,b,1.459406978,38.1733614,21,0.674008377,turn
p,94,b,4.031518634,18.20886381,21,0.054209117,turn
p,94,b,5.689865319,30.03671181,21,0.04909022,turn
p,94,b,8.413524854,13.15783807,21,0.161576574,turn
p,94,b,14.07650177,21.02304095,21,0.292662627,turn
p,94,b,19.03930355,91.70209625,21,0.032286908,turn
p,94,b,19.2880334,97.06710648,21,0.032317225,turn
p,95,b,1.914728968,35.22115866,21,0.282975239,turn
p,95,b,3.542146927,28.73034918,21,0.085817496,turn
p,95,b,10.96906652,12.72313459,21,0.112482413,turn
p,98,b,1.421755269,36.32477696,21,1.018142681,turn
p,98,b,4.463945237,18.91157834,21,0.14520621,turn
p,98,b,3.685298664,26.68873164,21,0.041192654,turn
p,98,b,11.1282793,15.70845692,21,0.277117537,turn
p,24,s,1.851539693,38.32753013,23,0.461569917,turn
p,24,s,2.304487051,21.00926484,23,0.01649069,turn
p,24,s,5.478910884,21.55698833,23,0.006955915,turn
p,24,s,2.878868238,26.38079742,23,0.015705359,turn
p,28,s,0.518837388,40.08030857,23,0.452883791,turn
p,28,s,2.153059957,21.17681293,23,0.020856917,turn
p,28,s,6.445911514,19.49278308,23,0.027349382,turn
p,45,s,1.421316487,40.97007037,23,0.595302588,turn
p,45,s,4.016525315,28.37344685,23,0.160319884,turn
p,45,s,4.477117221,25.74605771,23,0.070144658,turn
p,45,s,3.814103034,23.20604094,23,0.151296993,turn
p,45,s,4.11378237,22.17491299,23,0.340857898,turn
p,45,s,3.982897133,25.54746333,23,0.097345906,turn
p,48,s,0.632301784,39.04898446,23,0.790546278,turn
p,61,s,1.428149298,38.2330081,23,0.176996634,turn
p,61,s,2.312825953,18.26803522,23,0.134298185,turn
p,61,s,5.22287345,19.66048435,23,0.049198137,turn
p,61,s,5.635011719,23.33489354,23,0.033982033,turn
p,61,s,6.914302907,26.31007407,23,0.060934645,turn
p,61,s,6.540997038,56.31172635,23,0.070314998,turn
p,64,s,0.675481877,38.96648211,23,0.277591046,turn
p,64,s,5.97657548,19.82186242,23,0.011455448,turn
p,64,s,2.91785747,26.87310023,23,0.099279383,turn
p,80,s,1.660969835,36.63305976,23,0.333920774,turn
p,80,s,4.136030432,22.33123382,23,0.192473475,turn
p,80,s,3.390852264,20.26378469,23,0.105317648,turn
p,80,s,6.228656842,19.67029864,23,0.021870293,turn
p,80,s,4.809325547,23.97120713,23,0.031489648,turn
p,80,s,4.968554258,64.24578216,23,0.087447,turn
p,91,s,3.392568442,42.89736751,23,0.5513592,turn
p,91,s,3.386035078,33.58151746,23,0.036528321,turn
p,91,s,3.151954357,30.88032165,23,0.173804025,turn
p,91,s,2.688826671,24.60235978,23,0.153490034,turn
p,91,s,2.795793449,22.01204476,23,0.13521464,turn
p,91,s,6.73052246,18.86148515,23,0.073115801,turn
p,91,s,5.422886489,23.63926818,23,0.01973605,turn
p,27,s,1.049254269,37.55162247,24,0.192372197,turn
p,27,s,18.16625574,12.73518015,24,0.126504792,turn
p,27,s,29.44093982,50.38818077,24,0.023069457,turn
p,27,s,28.22121726,50.9790391,24,0.035902156,turn
p,27,s,24.15479299,53.14835796,24,0.195131632,turn
p,27,s,40.593406,75.64394408,24,0.101826402,turn
p,37,s,2.058281957,39.9959715,24,0.197783311,turn
p,37,s,1.091036043,10.83024892,24,0.090888909,turn
p,37,s,2.863580991,58.12653853,24,0.05254511,turn
p,37,s,2.723596968,58.00392113,24,0.032149436,turn
p,37,s,2.43166871,54.78271116,24,0.064619047,turn
p,37,s,1.699451993,55.81353177,24,0.125958249,turn
p,37,s,2.033104678,99.17832817,24,0.066780279,turn
p,43,s,2.112933582,36.08488743,24,0.446639763,turn
p,43,s,2.132576825,12.12264152,24,0.01069287,turn
p,43,s,7.067463033,59.20886939,24,8.97E-05,turn
p,43,s,6.603219942,58.69556857,24,0.041461091,turn
p,43,s,6.330914848,56.71054318,24,0.168533869,turn
p,43,s,5.050376533,57.69577377,24,0.077139784,turn
p,43,s,7.845445655,99.03730224,24,0.073477627,turn
p,57,s,1.033999844,35.71336967,24,0.16110117,turn
p,57,s,2.669361187,10.90921751,24,0.031765844,turn
p,57,s,5.660008369,60.58083879,24,0.04544897,turn
p,57,s,4.918690911,57.68064523,24,0.072880566,turn
p,57,s,3.807263965,59.14805917,24,0.058589705,turn
p,57,s,5.87001958,96.02912469,24,0.044262371,turn
p,57,s,3.321946021,195.4058475,24,0.033958857,turn
p,65,s,0.56185179,38.66949969,24,0.191046708,turn
p,65,s,2.124507128,11.6451168,24,0.046341334,turn
p,65,s,4.090099832,59.32470638,24,0.042080335,turn
p,65,s,5.953669468,58.90084311,24,0.135411294,turn
p,65,s,10.57495828,98.47740815,24,0.028668166,turn
p,84,s,1.99996977,33.51698615,24,0.419744141,turn
p,84,s,3.990694853,15.28939632,24,0.188860609,turn
p,84,s,5.144426513,59.32324058,24,0.038754008,turn
p,84,s,2.849478753,59.06964542,24,0.011606932,turn
p,84,s,6.043479341,98.13064234,24,0.05775546,turn
p,84,s,1.732470033,195.7145257,24,0.097854757,turn
p,84,s,2.286316703,198.046638,24,0.085301336,turn
p,92,s,1.322693225,38.80608199,24,0.771784441,turn
p,92,s,1.341229666,10.21556306,24,0.083262218,turn
p,92,s,3.205581382,55.7723642,24,0.08105942,turn
p,92,s,1.613727115,56.62633436,24,0.05428365,turn
p,92,s,2.680586651,98.27508319,24,0.134024511,turn
p,94,s,1.5528907,36.8787534,24,0.472529254,turn
p,94,s,3.193335162,12.3269052,24,0.059371824,turn
p,94,s,5.385608013,61.68523092,24,8.86E-05,turn
p,94,s,5.348249129,61.74493805,24,0.000703518,turn
p,94,s,5.277653892,61.51591979,24,0.026406707,turn
p,94,s,5.126204044,61.29900742,24,0.05876957,turn
p,94,s,2.828500111,58.97107189,24,0.085952169,turn
p,94,s,4.87271326,97.03604386,24,0.050833116,turn
p,30,s,5.193836176,21.63489944,25,0.05994455,turn
p,30,s,6.236875081,27.10638176,25,0.095824461,turn
p,30,s,0.998017541,55.45847628,25,8.93E-05,turn
p,30,s,0.948977779,53.742969,25,0.0783092,turn
p,30,s,0.821045106,26.01214724,25,0.136362904,turn
p,30,s,0.232681179,22.16961437,25,0.103141122,turn
p,30,s,6.742460762,60.00275197,25,0.023208102,turn
p,31,s,0.666660641,4.042416059,25,1.263413883,turn
p,31,s,1.591756218,55.37184128,25,0.105327379,turn
p,31,s,0.318296064,26.54139765,25,0.096356082,turn
p,31,s,2.240640658,34.84408911,25,0.08013765,turn
p,31,s,7.024453805,63.22737452,25,0.0477122,turn
p,31,s,5.497851098,57.39942482,25,0.038866443,turn
p,31,s,0.499680488,44.48093514,25,0.052685518,turn
p,51,s,1.457389846,2.562557589,25,1.259166733,turn
p,51,s,1.779895422,56.09241535,25,0.120530648,turn
p,51,s,2.319387902,28.02675854,25,0.010877467,turn
p,51,s,1.300751292,30.41870561,25,0.001611717,turn
p,51,s,6.476770258,60.41893668,25,0.037048242,turn
p,51,s,4.012529796,46.80018959,25,0.038509572,turn
p,62,s,0.941532994,3.753829127,25,1.316935107,turn
p,62,s,2.08560829,53.26010785,25,0.107283973,turn
p,62,s,0.782096148,26.32279673,25,0.082479228,turn
p,62,s,1.163466275,23.43802197,25,8.38E-05,turn
p,62,s,3.65871817,58.70490083,25,0.023965485,turn
p,62,s,1.345528159,42.18570315,25,0.183698232,turn
p,63,s,0.820381925,3.455306106,25,1.064026835,turn
p,63,s,0.872328077,56.6671342,25,0.071379385,turn
p,63,s,1.135991109,25.97389679,25,7.79E-05,turn
p,63,s,2.461547488,30.68384126,25,0.01293159,turn
p,63,s,6.973242368,62.16323129,25,0.019041462,turn
p,63,s,3.483080988,43.59773315,25,0.019377618,turn
p,63,s,3.318714519,42.31734385,25,0.053734133,turn
p,63,s,3.349752904,38.47939591,25,0.109948443,turn
p,82,s,2.031193795,2.833509355,25,0.679085528,turn
p,82,s,1.75988914,57.47735042,25,0.075996915,turn
p,82,s,0.411781033,27.18248665,25,0.035839663,turn
p,82,s,1.280165531,18.42940392,25,8.57E-05,turn
p,82,s,6.792953561,57.5985735,25,0.024508869,turn
p,82,s,1.63665088,42.46954034,25,0.057279896,turn
p,88,s,2.673916784,10.84675927,25,0.188810997,turn
p,88,s,0.52223699,56.67932285,25,0.045779659,turn
p,88,s,1.339369205,24.88463374,25,0.166600194,turn
p,88,s,0.398302984,25.96283137,25,0.029089518,turn
p,88,s,5.977828443,58.55098541,25,0.093419989,turn
p,88,s,2.081721252,42.34335826,25,0.037319166,turn
p,88,s,1.711804514,41.01816715,25,1.20E-05,turn
p,98,s,1.032262631,3.255754024,25,1.38748515,turn
p,98,s,0.844474711,55.72929912,25,0.014919693,turn
p,98,s,1.188381402,26.20589111,25,0.006534203,turn
p,98,s,0.933958169,42.23309079,25,0.050575869,turn
p,98,s,6.623812595,68.19788368,25,0.125349248,turn
p,98,s,36.09135633,82.6867929,25,0.012837642,turn
p,24,b,2.180683698,20.54744928,26,0.672390541,turn
p,24,b,4.189889693,20.67096611,26,0.169805138,turn
p,24,b,9.86565567,24.37207003,26,0.030638704,turn
p,24,b,4.910678465,18.35254264,26,0.037468148,turn
p,27,b,8.1964291,3.323753004,26,0.023383711,split
p,27,b,66.71364035,82.10801488,26,0.000120562,turn
p,27,b,67.72566245,92.6143452,26,0.169443374,turn
p,27,b,72.04888601,97.27090106,26,0.0133141,turn
p,28,b,4.398083043,24.67024602,26,1.2566742,turn
p,28,b,10.48422218,28.32882963,26,0.045795359,turn
p,28,b,14.4348649,31.6355757,26,0.057985902,turn
p,28,b,10.31267252,25.0056902,26,0.093712867,turn
p,30,b,3.160359873,19.44543329,26,0.795689583,turn
p,30,b,22.21716617,35.95263477,26,0.091784487,turn
p,30,b,23.57476717,38.22110014,26,0.044669424,turn
p,30,b,39.76701931,55.88333823,26,0.039097781,turn
p,30,b,62.28096218,70.7414427,26,0.073770958,turn
p,30,b,88.65026153,94.98547474,26,0.045642182,turn
p,31,b,2.104243931,20.12727033,26,0.325665275,turn
p,31,b,5.736110275,20.80299789,26,0.036197257,turn
p,31,b,9.869989803,24.0469171,26,0.007746639,turn
p,31,b,2.852165321,16.69174562,26,0.016426587,turn
p,32,b,1.737058347,21.21637923,26,0.644864572,turn
p,32,b,12.41622207,12.45261977,26,0.14009532,turn
p,32,b,37.63567791,28.0216976,26,0.130493178,turn
p,32,b,60.28515592,54.97162948,26,0.10023038,turn
p,32,b,69.12758028,83.98829216,26,0.033397907,turn
p,37,b,0.736376577,21.46763157,26,0.850284402,turn
p,37,b,8.96393658,26.6163841,26,0.047071176,turn
p,37,b,14.54345734,27.41996938,26,0.011579642,turn
p,37,b,8.398354103,21.91620264,26,0.164684816,turn
p,43,b,1.923029377,20.46138601,26,0.728471467,turn
p,43,b,11.56428675,28.40045187,26,0.084833813,turn
p,43,b,17.23307767,31.99432876,26,0.005550551,split
p,43,b,18.47700872,34.18695941,26,0.02681909,turn
p,45,b,1.32569174,21.64232269,26,0.608453072,turn
p,45,b,4.489327038,17.42195402,26,0.206900085,turn
p,45,b,8.880164031,21.6049367,26,0.005849331,turn
p,45,b,5.726378549,14.71117267,26,0.0431416,turn
p,46,b,2.429466634,20.08263558,26,0.70511768,turn
p,46,b,61.10820046,56.35495573,26,0.100604017,turn
p,46,b,65.68741382,81.52972953,26,0.010642679,turn
p,47,b,2.064766819,24.12976296,26,1.095207392,turn
p,47,b,5.215546835,23.31399159,26,0.036160026,turn
p,47,b,10.47634128,25.19048906,26,0.060787458,turn
p,47,b,4.559483559,18.94735686,26,0.023941967,turn
p,48,b,1.20042602,23.01929487,26,0.837417672,turn
p,48,b,6.551338696,23.54719443,26,0.128485818,turn
p,48,b,11.88474142,24.76748797,26,0.023646148,turn
p,48,b,6.547268952,20.06595518,26,5.56E-05,turn
p,51,b,1.378620627,21.17648279,26,0.435175182,turn
p,51,b,2.151229793,18.9966941,26,0.047546893,turn
p,51,b,9.592299096,19.82839123,26,0.006540743,turn
p,51,b,6.285634842,10.56190333,26,0.043715847,turn
p,53,b,2.015330754,24.15654975,26,0.688349906,turn
p,53,b,5.170958437,18.33692971,26,0.025506274,turn
p,53,b,8.862929463,22.03694026,26,0.018936113,turn
p,53,b,4.944623575,15.72223413,26,0.23792212,turn
p,55,b,2.60605276,24.79967845,26,0.559466191,turn
p,55,b,7.532731831,8.232162441,26,0.168519117,turn
p,55,b,21.84415942,21.78067206,26,0.04253623,turn
p,55,b,57.84891136,51.2751069,26,0.017652527,turn
p,57,b,2.019944586,23.48332302,26,1.428789061,turn
p,57,b,8.639368534,26.56503582,26,0.094470608,turn
p,57,b,12.40053077,27.82172908,26,0.008404513,turn
p,57,b,7.227037111,20.0779525,26,0.099266549,turn
p,59,b,3.620304179,25.38068438,26,1.187647612,turn
p,59,b,8.39875596,26.30904531,26,0.043547299,turn
p,59,b,14.21841463,28.7097973,26,0.058383602,turn
p,59,b,8.313156426,22.64908138,26,0.195122448,turn
p,59,b,8.926802109,30.26087642,26,0.041469514,turn
p,61,b,4.625025566,17.98365282,26,0.149239221,split
p,61,b,36.68100116,41.58911469,26,0.008299526,turn
p,61,b,99.9904462,85.63526118,26,0.005581034,turn
p,62,b,3.008891155,19.67683554,26,0.322382303,turn
p,62,b,25.14985329,46.48214726,26,0.053580767,turn
p,62,b,17.00283372,53.06546891,26,0.063920376,turn
p,63,b,0.62262063,22.80723231,26,0.970869386,turn
p,63,b,7.198155371,23.41227051,26,0.179835636,turn
p,63,b,10.45285676,24.57428081,26,0.098723041,turn
p,63,b,5.066841817,18.79701057,26,0.191126537,turn
p,64,b,2.410243403,24.50271008,26,1.034124705,turn
p,64,b,4.28545206,19.22545663,26,0.037255055,turn
p,64,b,10.7006239,22.77630834,26,0.014419074,turn
p,64,b,6.29134309,18.46503647,26,0.135368991,turn
p,65,b,3.453248297,24.85438186,26,1.230191799,turn
p,65,b,13.1453623,29.67630379,26,0.02089623,turn
p,65,b,15.64527921,33.11259611,26,0.047992907,turn
p,65,b,12.21156281,27.05157613,26,0.138209504,turn
p,67,b,3.098993273,21.29571117,26,0.639048837,turn
p,67,b,3.13658802,20.34258683,26,0.038636271,turn
p,67,b,10.01452527,22.69301147,26,0.018513756,turn
p,67,b,3.436925345,16.07242412,26,0.085853633,turn
p,80,b,0.983513789,21.25321601,26,0.908740096,turn
p,80,b,4.383490251,22.30628061,26,0.080679412,turn
p,80,b,9.866574709,26.93572847,26,0.016445673,turn
p,80,b,4.461222057,18.31249508,26,0.183415459,turn
p,81,b,3.757926149,25.80204369,26,1.29941328,turn
p,81,b,10.31202318,27.21138759,26,0.2152963,turn
p,81,b,14.13046569,28.26675633,26,0.047340559,turn
p,81,b,9.852524094,24.44463821,26,0.121367571,turn
p,82,b,3.61387813,24.66747946,26,1.274242209,turn
p,82,b,9.525058633,27.44271799,26,0.037471569,turn
p,82,b,13.71691611,29.52992821,26,0.016429524,turn
p,82,b,9.430964109,23.49793399,26,0.027024349,turn
p,84,b,1.81671259,21.22575574,26,0.722905949,turn
p,84,b,5.616708391,14.23081337,26,0.007860587,turn
p,84,b,27.34895597,25.59507459,26,0.068153889,turn
p,84,b,69.08968234,84.35079711,26,0.011105212,turn
p,85,b,2.452101722,19.95636831,26,0.854907371,turn
p,85,b,4.861750132,21.95384112,26,0.038687946,turn
p,85,b,10.16288055,25.951501,26,0.067882255,turn
p,85,b,5.794339953,20.04958068,26,0.149034338,turn
p,85,b,6.036683769,38.99951958,26,0.068169724,turn
p,85,b,25.3027813,44.30179875,26,0.118150282,turn
p,88,b,3.183509999,23.57893274,26,1.005330941,turn
p,88,b,4.269775382,22.95781699,26,0.031865435,turn
p,88,b,9.255038944,26.35997928,26,0.061850241,turn
p,88,b,5.456950148,19.32331049,26,0.124874289,turn
p,91,b,2.520818552,19.69571366,26,0.869864922,turn
p,91,b,4.773315259,22.16978016,26,0.043959526,turn
p,91,b,9.6622087,23.0208011,26,0.047819947,turn
p,91,b,4.714807348,15.99971276,26,0.141763213,turn
p,92,b,3.971852385,24.30207,26,1.141651208,turn
p,92,b,8.224138742,26.07351106,26,0.043542538,turn
p,92,b,14.01165213,28.90730617,26,0.009572801,turn
p,92,b,15.94786407,31.73650164,26,9.36E-05,turn
p,92,b,21.50288934,54.37739565,26,0.074115814,turn
p,94,b,2.099634601,24.16967473,26,1.156261889,turn
p,94,b,3.056410028,18.53995269,26,0.114425672,turn
p,94,b,10.27988346,22.36439421,26,0.01212796,turn
p,94,b,4.531351091,15.58927116,26,0.132228158,turn
p,95,b,3.120536849,20.08525704,26,0.272446519,turn
p,95,b,4.659418177,15.63397015,26,0.304515865,split
p,98,b,0.274482586,22.35290663,26,1.111667356,turn
p,98,b,8.167187699,26.92196912,26,0.032569086,turn
p,98,b,11.75760344,29.58922801,26,0.100766344,turn
p,98,b,8.535382778,22.75253975,26,0.025441462,turn
p,24,b,23.42577147,31.70059472,27,0.548072925,turn
p,24,b,19.29230444,79.16980721,27,8.17E-05,turn
p,24,b,9.741407956,142.8897272,27,0.050059968,turn
p,24,b,5.321585582,145.4880093,27,0.169034948,split
p,27,b,13.97029215,9.791360239,27,0.396895075,split
p,27,b,31.42704111,60.29317462,27,0.002679574,turn
p,27,b,32.29142713,66.31996855,27,0.044605564,turn
p,27,b,32.25959439,68.05195311,27,0.103818799,turn
p,27,b,27.59458565,103.4967958,27,0.016429077,turn
p,27,b,13.91132633,121.7835568,27,0.022801469,turn
p,27,b,11.37116926,118.3637813,27,0.470329585,split
p,27,b,8.876619883,119.0500142,27,0.211762746,turn
p,27,b,11.96542532,123.936645,27,0.096050054,turn
p,27,b,11.83999731,126.6349555,27,0.028135875,turn
p,27,b,18.16158984,132.0997016,27,0.220594177,turn
p,27,b,21.84701667,129.7168974,27,0.085884818,turn
p,27,b,22.53216338,128.6728316,27,0.02195084,turn
p,27,b,23.28424103,127.802067,27,0.305631215,turn
p,27,b,26.63777363,127.8016566,27,0.005585557,turn
p,27,b,26.29082234,128.5209241,27,0.091105207,turn
p,27,b,16.11927292,133.9241238,27,0.784031402,turn
p,27,b,14.36901957,134.1141221,27,0.187551168,turn
p,27,b,12.71031462,133.9643713,27,0.061276433,turn
p,27,b,11.59273988,134.638818,27,0.02566423,turn
p,27,b,8.381355401,137.2497752,27,1.100521636,turn
p,27,b,8.484871819,140.3158077,27,0.051829297,turn
p,27,b,12.57239481,182.7253053,27,0.627985424,turn
p,28,b,20.80238085,27.90832257,27,0.387224112,split
p,28,b,16.03708018,80.01161044,27,0.030289474,turn
p,28,b,4.797615683,114.0684126,27,0.084204514,turn
p,28,b,1.596207018,141.6605894,27,0.037062841,turn
p,28,b,2.555473269,145.8555295,27,0.005943223,turn
p,30,b,14.66089332,24.02771652,27,1.62E-05,turn
p,30,b,13.82478876,25.98327576,27,0.127080502,turn
p,30,b,11.79102555,28.78787979,27,0.161684145,turn
p,30,b,9.613137822,31.1001897,27,0.072196266,split
p,30,b,16.14883848,41.94388974,27,0.029476266,turn
p,30,b,12.17050258,70.21986866,27,0.05808361,turn
p,30,b,16.84594474,80.14474997,27,0.018881741,turn
p,30,b,17.94183679,128.7682683,27,0.071600649,split
p,30,b,14.73833852,138.7496574,27,0.064125575,turn
p,30,b,18.14940378,141.29207,27,6.98E-05,turn
p,30,b,27.11861153,159.14749,27,0.048768659,turn
p,30,b,26.89942771,163.4776331,27,0.034378382,turn
p,32,b,30.68709916,23.44078697,27,0.348935423,turn
p,32,b,55.80729909,70.51558267,27,0.106967015,turn
p,32,b,37.77881922,109.2471783,27,0.128672482,turn
p,32,b,17.20676005,125.1685745,27,0.040965837,split
p,32,b,7.868277754,145.5272033,27,0.030119444,turn
p,32,b,12.40729211,153.8844413,27,0.586699148,turn
p,32,b,12.38520115,165.763445,27,0.261342062,turn
p,37,b,12.40930197,85.73489161,27,0.071408794,turn
p,37,b,8.964946526,141.9202198,27,0.050497771,turn
p,37,b,4.242721981,145.655441,27,0.038324765,turn
p,37,b,3.740931962,170.5354966,27,0.308684022,turn
p,43,b,7.604193136,16.01937907,27,0.183547152,split
p,43,b,44.41992337,63.43698033,27,0.991598449,split
p,43,b,39.81395523,67.91721559,27,0.075869019,turn
p,43,b,38.13083774,69.24045242,27,0.341287456,turn
p,43,b,31.2385893,77.69056402,27,0.093333245,turn
p,43,b,31.08942049,79.86834019,27,0.124196763,turn
p,43,b,30.8428925,90.16204428,27,0.057132662,turn
p,43,b,23.66533412,120.4947368,27,0.037925732,turn
p,43,b,24.07005073,120.3345244,27,9.27E-06,turn
p,43,b,24.54500315,120.4458364,27,0.154775646,turn
p,43,b,22.13676038,128.0230609,27,0.010168416,turn
p,43,b,21.48711964,128.3068795,27,0.079037715,turn
p,43,b,16.81780511,129.6556706,27,0.14561834,turn
p,43,b,11.77262255,172.0957685,27,0.326771042,turn
p,46,b,37.00559115,28.22539884,27,0.146489988,turn
p,46,b,62.76385256,84.18452506,27,0.037798878,turn
p,46,b,50.80384378,120.4988604,27,0.107773512,turn
p,46,b,19.32997072,126.453482,27,0.017213704,turn
p,46,b,11.07513244,149.0012774,27,0.086119312,split
p,46,b,7.366205872,153.3353571,27,0.034987095,turn
p,46,b,7.007751404,155.6954381,27,0.08537851,turn
p,47,b,19.33603115,27.46519215,27,1.097017939,turn
p,47,b,12.15555323,86.27239384,27,0.029172792,turn
p,47,b,8.279616212,145.694966,27,0.066968638,turn
p,47,b,5.416520045,143.6727786,27,0.26947837,turn
p,47,b,3.351390423,145.9072398,27,0.047241883,turn
p,48,b,13.6103777,21.80703808,27,0.250390832,turn
p,48,b,33.36958592,50.18925387,27,0.112449611,turn
p,48,b,35.23740322,52.69789809,27,0.295565796,split
p,48,b,54.82705684,66.23327602,27,0.101377009,turn
p,48,b,31.15038038,36.82581042,27,0.063405855,turn
p,48,b,13.53552423,86.66892377,27,0.039587888,turn
p,48,b,12.76178404,150.9384051,27,0.005146892,turn
p,48,b,27.8708577,172.2501861,27,0.044507609,turn
p,48,b,18.59147867,153.5716039,27,0.188689261,turn
p,48,b,18.19756218,169.4121277,27,0.296987969,turn
p,51,b,11.06326076,19.81752921,27,0.203788378,split
p,51,b,3.691975885,106.3824014,27,0.06072107,turn
p,51,b,10.5014967,135.3227911,27,0.031585108,turn
p,51,b,15.41105082,138.8346362,27,0.023725829,turn
p,51,b,3.273227214,136.3486327,27,0.036891007,turn
p,53,b,22.21312952,42.72872884,27,0.478311252,turn
p,53,b,14.42557801,82.43950591,27,0.012496067,turn
p,53,b,4.096924805,144.0137456,27,0.002891307,turn
p,53,b,3.740846464,148.4278918,27,0.01052848,turn
p,53,b,9.248765026,153.160015,27,0.101370644,turn
p,55,b,34.52300117,27.56384209,27,0.188702956,turn
p,55,b,52.42373151,61.92153332,27,0.055375674,turn
p,55,b,45.35929639,115.5427405,27,0.088721556,turn
p,55,b,16.61150319,123.0072441,27,0.039809467,turn
p,55,b,8.411869064,143.1042806,27,0.01767864,turn
p,55,b,3.452769984,145.6023988,27,0.174120533,turn
p,55,b,3.246984694,146.7904258,27,0.120121157,turn
p,57,b,21.8943032,30.02366537,27,1.361821877,turn
p,57,b,11.66762998,83.91095441,27,0.019496606,turn
p,57,b,7.858316156,136.3263448,27,0.018827224,turn
p,57,b,9.86046027,139.9515444,27,0.012096484,turn
p,57,b,9.837382577,141.0494736,27,0.038959655,turn
p,59,b,35.67431804,27.13816617,27,0.170919073,turn
p,59,b,56.94792575,68.62212147,27,0.144890808,turn
p,59,b,44.96539803,112.2896713,27,0.076906845,turn
p,59,b,16.18235115,123.5270125,27,0.157874933,split
p,59,b,6.828153481,146.3397259,27,0.040512,split
p,59,b,9.147170318,142.3724479,27,0.64955103,turn
p,61,b,26.72618284,20.89179719,27,0.182538889,split
p,61,b,43.94324679,65.90928704,27,0.058703248,turn
p,61,b,43.17358709,113.3236765,27,0.168649948,turn
p,61,b,17.30101869,125.2622947,27,0.065279485,split
p,61,b,6.861074777,131.4929357,27,0.087675115,turn
p,61,b,12.24075792,137.6539596,27,0.067144111,turn
p,61,b,1.773219819,142.6114005,27,0.478739398,turn
p,62,b,13.63961926,25.85403796,27,0.015778701,split
p,62,b,13.12196505,38.74228221,27,0.05509454,turn
p,62,b,15.15808634,49.90199246,27,0.020416652,turn
p,62,b,6.944010931,72.15341556,27,0.075008549,turn
p,62,b,12.16667698,82.8428827,27,0.037657761,turn
p,62,b,5.407157094,138.0156037,27,0.007684818,turn
p,62,b,6.66825385,139.5243309,27,0.159972507,turn
p,63,b,10.33692889,17.65528635,27,0.821224937,turn
p,63,b,16.0228342,42.66937617,27,0.117315229,turn
p,63,b,14.88454723,86.25524665,27,0.111206002,turn
p,63,b,5.314058994,145.9724755,27,0.0288435,turn
p,63,b,5.597906562,146.6077105,27,0.110300237,split
p,63,b,14.20333263,159.4267771,27,0.253277645,turn
p,64,b,21.76278622,29.91160152,27,0.458999896,turn
p,64,b,16.43872742,45.49762437,27,0.000103482,turn
p,64,b,11.85116242,84.51895203,27,0.012354929,turn
p,64,b,9.514492891,140.3136266,27,0.110926335,turn
p,64,b,5.228614149,144.4287558,27,0.036926161,turn
p,65,b,21.82680502,30.02366537,27,1.195820284,turn
p,65,b,12.26832812,84.57498155,27,0.107543937,turn
p,65,b,5.58568062,108.4735848,27,0.045477261,turn
p,65,b,11.11541335,136.6819559,27,0.115782963,turn
p,65,b,12.22963571,137.7660216,27,0.036226026,turn
p,65,b,9.44962921,191.4541067,27,0.001995976,split
p,67,b,35.18000181,26.53952262,27,0.268821889,turn
p,67,b,54.52892271,69.88262447,27,0.091893301,turn
p,67,b,46.06831927,111.7572826,27,0.056853172,turn
p,67,b,17.02907828,123.7724182,27,0.053419272,split
p,67,b,5.898249522,144.0775974,27,0.014411499,turn
p,67,b,0.392976496,146.2690285,27,0.256242637,turn
p,67,b,2.316542704,142.5723539,27,0.090321126,turn
p,80,b,13.48963939,67.06460261,27,0.057201716,turn
p,80,b,11.62493162,86.04378674,27,0.09245316,turn
p,80,b,2.212765024,109.4497043,27,0.052180279,turn
p,80,b,9.048400545,139.7165697,27,0.077713179,turn
p,80,b,4.831883279,145.6883899,27,0.070246228,turn
p,81,b,15.58683556,24.26253595,27,0.335019425,turn
p,81,b,13.94319767,87.90498372,27,0.010728167,turn
p,81,b,13.45250145,89.67095308,27,0.04737819,turn
p,81,b,12.72284404,91.47126625,27,0.024954564,turn
p,81,b,12.17889376,93.02043217,27,0.130330794,turn
p,81,b,9.34604716,114.0059608,27,0.21536122,turn
p,81,b,18.52084637,145.733604,27,0.08236922,turn
p,81,b,27.49818486,152.005578,27,0.0027731,turn
p,81,b,26.00711724,158.2094042,27,0.201168737,turn
p,81,b,12.6671535,183.8944485,27,0.329818208,turn
p,82,b,26.9046364,18.06088881,27,0.134869471,split
p,82,b,67.16603483,75.19885819,27,0.020729061,turn
p,82,b,39.04153144,118.2203201,27,0.066131398,turn
p,82,b,23.05150926,130.7299474,27,0.173300896,split
p,82,b,4.974362228,114.4509707,27,0.105243963,turn
p,82,b,6.266230966,115.0151555,27,0.066807806,turn
p,82,b,6.705946722,115.6447608,27,0.563871615,turn
p,82,b,8.982883338,144.953905,27,0.052957638,turn
p,82,b,9.11410026,145.812255,27,0.105907599,turn
p,82,b,6.255897598,151.6007588,27,0.124596763,turn
p,82,b,22.06801117,161.2884186,27,0.061314566,turn
p,82,b,13.29918507,144.7240165,27,0.131590049,turn
p,84,b,22.98791505,31.13521831,27,1.214565547,turn
p,84,b,23.59896951,51.33438568,27,0.069935033,turn
p,84,b,13.76278681,82.44054474,27,0.003259527,turn
p,84,b,4.226074052,113.73347,27,0.028450739,turn
p,84,b,7.350468968,141.2465185,27,0.06447505,turn
p,84,b,4.292541966,142.0212255,27,0.145720621,turn
p,85,b,42.81731761,34.84324593,27,0.146981673,turn
p,85,b,61.97573159,75.77231204,27,0.022743746,turn
p,85,b,47.23358842,113.3551672,27,0.053546657,turn
p,85,b,16.00848071,123.0148722,27,0.045579291,turn
p,85,b,4.967045494,141.7076079,27,0.045272496,turn
p,85,b,1.778798364,146.426855,27,0.110664598,turn
p,88,b,2.669474915,10.66206654,27,0.431895632,turn
p,88,b,18.83396303,79.17497791,27,0.022853704,turn
p,88,b,3.008088599,106.7349534,27,0.088997385,turn
p,88,b,4.425869374,113.6100401,27,0.007473396,turn
p,88,b,4.613444046,114.5342566,27,0.063693731,split
p,88,b,11.44462676,142.6050916,27,0.055754543,turn
p,88,b,7.437511789,148.7200713,27,0.438966253,turn
p,88,b,2.014202067,185.9246963,27,0.090982704,turn
p,88,b,2.698198336,195.9386153,27,0.043429322,turn
p,91,b,11.10049205,86.17868807,27,0.07187015,turn
p,91,b,1.642620602,107.3164759,27,0.151098053,turn
p,91,b,5.427487861,115.5022945,27,0.045376045,turn
p,91,b,8.858651649,140.4796154,27,0.060605227,turn
p,91,b,5.194264246,145.052121,27,0.105496411,turn
p,91,b,3.488681757,142.7427554,27,0.07375254,turn
p,94,b,14.80595402,83.12740495,27,0.078269706,turn
p,94,b,1.212057248,108.1085953,27,0.030157892,turn
p,94,b,6.426349325,135.4025812,27,0.022414053,turn
p,94,b,6.290469488,140.3315033,27,0.151279898,turn
p,94,b,2.851017794,142.3755565,27,0.073233413,turn
p,95,b,30.03679713,24.34647131,27,0.518885689,turn
p,95,b,47.29285266,63.6543684,27,0.148652978,turn
p,95,b,42.72571656,111.3808901,27,0.11072426,turn
p,95,b,15.5498135,122.5463257,27,0.115003356,split
p,95,b,5.499531229,145.4967412,27,0.055252415,split
p,95,b,6.595292825,151.0649671,27,0.135535591,turn
p,95,b,6.20594522,147.3612298,27,0.039823616,turn
p,98,b,22.19407488,30.48213626,27,1.175811597,turn
p,98,b,14.11460833,43.76380143,27,0.112289484,turn
p,98,b,13.40770197,83.58993692,27,0.032306061,turn
p,98,b,8.218434038,138.8633409,27,0.012778769,turn
p,98,b,6.174013816,141.455925,27,0.106782326,turn
p,98,b,6.92681069,138.8316066,27,0.119154827,turn
p,32,s,0.785314868,38.51923123,28,0.348317166,turn
p,32,s,3.959132728,14.23439435,28,0.071861765,turn
p,32,s,4.815961609,14.14804928,28,0.253232897,turn
p,32,s,2.471768238,26.45261758,28,0.076847798,turn
p,32,s,2.163928572,35.04817522,28,0.118764839,turn
p,32,s,2.67783363,35.71185175,28,0.374513745,turn
p,32,s,1.291389374,52.88986383,28,0.152852112,turn
p,46,s,1.011672899,38.97269136,28,0.754035022,turn
p,46,s,3.80043039,11.32401109,28,0.135322808,turn
p,46,s,3.786864142,13.45665825,28,0.163137497,turn
p,46,s,3.204850685,27.46477952,28,0.172452816,turn
p,46,s,5.510721321,30.76061282,28,0.121329162,turn
p,46,s,6.768851901,44.99108846,28,0.036236634,turn
p,47,s,0.642821936,37.63752201,28,0.490581986,turn
p,47,s,2.264229589,9.086153977,28,0.042519897,turn
p,47,s,3.77168556,11.50311776,28,0.274459591,turn
p,47,s,1.365477497,30.9952241,28,0.058589339,turn
p,47,s,0.545309826,28.5145499,28,0.086812822,turn
p,47,s,2.462288351,38.6448248,28,0.004391736,turn
p,47,s,3.071721787,37.30002715,28,0.026932755,turn
p,47,s,1.73906848,52.90072002,28,0.066151306,turn
p,53,s,0.314507672,36.99943583,28,0.456145226,turn
p,53,s,1.205358493,5.690309816,28,0.282978541,turn
p,53,s,3.818118206,31.41879143,28,0.012187716,turn
p,53,s,3.636531623,32.3033114,28,0.185044126,turn
p,53,s,0.888873126,29.59100547,28,0.460298135,turn
p,53,s,2.39347847,33.67900471,28,0.006308074,turn
p,53,s,2.090558786,54.9682774,28,0.052461236,turn
p,55,s,0.166782957,38.39419049,28,0.778808195,turn
p,55,s,10.89551563,11.49675334,28,0.110095582,turn
p,55,s,4.517446473,29.78172525,28,0.084983275,turn
p,55,s,3.063104462,31.51347155,28,0.087335293,turn
p,55,s,0.942464952,35.55240243,28,0.064848324,turn
p,55,s,2.715989348,49.0951612,28,0.062853047,turn
p,59,s,2.171701336,12.57710068,28,0.021060845,turn
p,59,s,2.085206621,9.895443434,28,0.093626639,turn
p,59,s,2.020382929,34.12059779,28,0.012851601,turn
p,59,s,1.147892046,35.06297234,28,0.026694615,turn
p,59,s,3.320573197,28.16292887,28,0.187222367,turn
p,59,s,0.827152165,34.9109329,28,0.396596409,turn
p,59,s,1.822382338,52.09605261,28,0.11069486,turn
p,59,s,2.511197125,103.3152363,28,0.020198754,turn
p,67,s,1.202218164,10.78131341,28,0.063581015,turn
p,67,s,1.515868925,17.48593028,28,0.059773163,turn
p,67,s,1.140250496,32.10677273,28,0.03707239,turn
p,67,s,0.34118183,28.8297753,28,0.117367082,turn
p,67,s,2.832421089,39.88844948,28,0.034114713,turn
p,67,s,3.181045294,54.0890544,28,0.012344147,turn
p,67,s,2.002545776,100.3485612,28,0.05428397,turn
p,81,s,2.840790661,7.955703354,28,0.24957633,turn
p,81,s,0.74895122,19.77027494,28,0.243065941,turn
p,81,s,1.679017133,32.43411294,28,0.006036988,turn
p,81,s,1.998391624,33.1736812,28,0.067866448,turn
p,81,s,1.283436359,29.69621398,28,0.106740143,turn
p,81,s,0.140870125,34.84788191,28,0.102973844,turn
p,81,s,0.358061868,51.44239427,28,0.049261446,turn
p,85,s,0.302726471,37.93315044,28,0.331133352,turn
p,85,s,1.232574541,13.29578526,28,0.057795278,turn
p,85,s,1.722802277,23.72976138,28,0.153223651,turn
p,85,s,1.653875177,29.76480657,28,0.195175363,turn
p,85,s,3.622079493,32.91808509,28,0.073694899,turn
p,85,s,1.341420625,51.92131631,28,0.117765276,turn
p,85,s,0.531880006,101.8647274,28,0.050946339,turn
p,95,s,8.823582554,12.69263398,28,0.075392099,turn
p,95,s,4.626152114,20.26260038,28,0.059378668,turn
p,95,s,0.589570519,28.95202119,28,0.109592399,turn
p,95,s,1.181555022,35.40697874,28,0.021244633,turn
p,95,s,2.321028387,55.30338399,28,0.142062669,turn
p,27,s,0.724083473,21.82704244,30,0.308334397,turn
p,27,s,3.273015406,21.66822181,30,0.106841419,turn
p,27,s,4.184834561,83.59904265,30,0.012014642,turn
p,27,s,3.356494454,100.9409185,30,0.017060017,turn
p,37,s,0.078991887,22.60977677,30,0.728257752,turn
p,37,s,3.658806495,10.9766523,30,0.05363221,turn
p,37,s,1.759406127,42.83598307,30,0.032642253,turn
p,37,s,2.452430438,102.8041615,30,0.018133763,turn
p,43,s,7.711562561,22.45284789,30,0.050296968,turn
p,43,s,3.555206924,40.44797967,30,0.082582458,turn
p,43,s,3.794328605,100.8996794,30,0.056788576,turn
p,57,s,1.531636569,23.68583183,30,0.403706,turn
p,57,s,0.945177312,56.57663742,30,0.103084816,turn
p,57,s,2.330405503,103.8145547,30,0.011006278,turn
p,65,s,0.531253118,21.19496465,30,1.084998123,turn
p,65,s,2.894433773,13.06758569,30,0.003572938,turn
p,65,s,4.116093212,41.5816571,30,0.000121522,turn
p,65,s,4.960452675,100.1968549,30,0.010462507,turn
p,84,s,0.318703416,22.28277623,30,0.876612046,turn
p,84,s,4.094054704,44.79138803,30,0.041222047,turn
p,84,s,2.191494163,106.5799452,30,0.045941901,turn
p,92,s,0.491437281,22.29978899,30,0.596768027,turn
p,92,s,3.719856065,15.37084527,30,0.004137468,turn
p,92,s,2.150868606,43.25225716,30,0.0539411,turn
p,92,s,1.926511749,102.1353908,30,0.01110357,turn
p,94,s,1.15308385,22.35040279,30,0.991232839,turn
p,94,s,2.484059745,42.89583623,30,0.072793008,turn
p,94,s,2.882638939,56.0565033,30,0.048863923,turn
p,94,s,1.354762255,73.67023077,30,0.039828797,turn
p,94,s,4.275877279,101.9575776,30,0.010759002,turn
p,94,s,1.573748458,164.2876794,30,0.191290237,turn
p,30,s,0.340426075,49.74208782,31,0.049724391,turn
p,30,s,38.63285543,24.32476088,31,0.097121813,turn
p,30,s,31.76667821,39.70613519,31,0.050857449,turn
p,51,s,2.688090011,48.79597927,31,0.004257773,turn
p,51,s,6.749085806,5.530337894,31,0.138225183,turn
p,51,s,26.33903836,79.29598507,31,8.90E-06,turn
p,51,s,38.95509662,168.1853892,31,0.099300965,turn
p,62,s,2.699266599,44.78873457,31,0.022120227,turn
p,62,s,7.945443878,7.631935326,31,0.173007095,turn
p,63,s,0.436130333,49.29201233,31,0.422926796,turn
p,63,s,3.997474163,49.94382547,31,0.162272815,turn
p,63,s,6.813537165,4.180390531,31,0.149734687,turn
p,63,s,25.00243621,76.81259485,31,0.021688685,turn
p,63,s,37.16351053,135.8716837,31,0.01139136,turn
p,63,s,37.73669754,140.7084913,31,0.133952627,turn
p,82,s,7.1253423,5.709168372,31,0.070164528,turn
p,82,s,5.687809968,68.29172648,31,0.008397883,turn
p,88,s,0.286018592,49.79847655,31,0.409594528,turn
p,88,s,1.199365994,47.18456317,31,0.059958672,turn
p,88,s,6.363982667,6.034277452,31,0.061473559,turn
p,88,s,33.94866981,117.1486399,31,0.067472674,turn
p,98,s,0.508765517,46.45147105,31,0.224223456,turn
p,98,s,2.480846669,9.616160706,31,0.216308674,turn
p,98,s,26.95031483,79.90388272,31,0.019372341,turn
p,98,s,27.18024522,80.02620706,31,0.084129748,turn
p,24,b,0.218249073,6.853215637,32,0.888435762,turn
p,24,b,6.567491352,58.84651127,32,0.080183372,turn
p,24,b,14.53150677,59.21527476,32,0.189275992,turn
p,24,b,15.83782946,59.14847326,32,0.014358074,turn
p,24,b,27.48469239,152.2382958,32,0.075639449,turn
p,27,b,2.626279221,8.515164233,32,0.674032711,split
p,27,b,39.75592887,123.0803923,32,0.024071323,turn
p,27,b,25.45852635,130.1749914,32,0.120055408,turn
p,27,b,26.85415706,151.4716175,32,0.023549899,turn
p,28,b,1.31825027,5.770996638,32,0.97995468,turn
p,28,b,7.89061464,62.24368489,32,0.000817219,turn
p,28,b,15.53759873,61.07793627,32,0.149658055,turn
p,28,b,16.23248642,58.24693048,32,0.032406624,turn
p,28,b,17.27373108,92.55114386,32,0.019348888,turn
p,28,b,17.42677122,93.40372982,32,0.009234904,turn
p,28,b,26.79526261,151.5345606,32,0.014618813,turn
p,30,b,4.337269555,5.555572078,32,0.365282754,turn
p,30,b,2.062389484,49.2884976,32,0.094898551,split
p,30,b,36.7954227,41.3796975,32,0.099771739,turn
p,30,b,68.77612844,46.40497644,32,5.76E-05,turn
p,30,b,147.760186,107.3078234,32,0.169668303,turn
p,31,b,2.693313367,9.078337975,32,0.93289961,turn
p,31,b,5.275902229,52.05373599,32,0.180362223,turn
p,31,b,12.20473495,53.49413612,32,2.66E-05,turn
p,31,b,11.24302136,52.38052234,32,0.164310472,turn
p,31,b,23.19130008,128.9052499,32,0.09211962,turn
p,31,b,24.57061936,149.0905266,32,0.112468872,turn
p,32,b,5.394854652,10.35567589,32,1.084221242,turn
p,32,b,5.994188801,59.19682227,32,0.009130848,turn
p,32,b,14.71544,57.06592261,32,0.051412691,turn
p,32,b,13.40903721,57.33145525,32,0.071256168,turn
p,32,b,28.96478279,153.7298836,32,0.069697648,turn
p,37,b,8.028454664,11.29494679,32,1.296639468,turn
p,37,b,6.797876314,57.61268998,32,0.033034639,turn
p,37,b,18.26062632,57.84690231,32,0.0221286,turn
p,37,b,17.06431332,58.55683923,32,0.02889874,turn
p,37,b,28.96979173,120.2604816,32,0.024731157,turn
p,43,b,3.871515965,8.343348254,32,1.185267572,turn
p,43,b,9.79938274,63.03753472,32,0.116131539,turn
p,43,b,15.44663575,59.15623356,32,0.421830952,turn
p,43,b,16.33172882,59.47601963,32,0.079376883,turn
p,45,b,1.531461551,6.487440148,32,0.60339867,turn
p,45,b,5.600840659,57.43309626,32,0.024790119,turn
p,45,b,13.50805675,56.31485306,32,0.075924015,turn
p,45,b,15.2795707,57.69190186,32,0.062250688,turn
p,45,b,22.11287004,113.3610678,32,0.09458968,turn
p,45,b,23.81374616,127.4551664,32,0.081227872,turn
p,46,b,0.341653846,7.353648011,32,0.871491393,turn
p,46,b,7.343706649,60.75563055,32,0.023831895,turn
p,46,b,13.64345936,55.90811851,32,0.032499783,turn
p,46,b,14.5357193,54.40868721,32,0.058622881,turn
p,46,b,20.29365254,93.29956331,32,0.010416662,turn
p,46,b,24.02174442,114.5450954,32,0.048553511,turn
p,46,b,26.26565683,130.2417243,32,0.101351563,turn
p,46,b,26.69969872,151.4102579,32,0.124799516,turn
p,47,b,9.435194586,12.89072694,32,1.128361214,turn
p,47,b,4.081659035,58.78940276,32,0.041968739,turn
p,47,b,13.29540369,57.7293847,32,4.01E-05,turn
p,47,b,13.60796853,57.10636291,32,0.000101498,turn
p,47,b,25.6587745,117.0356542,32,0.039595489,turn
p,47,b,26.48821906,129.9498286,32,0.101858216,turn
p,47,b,27.49672918,152.2302139,32,0.079981636,turn
p,48,b,7.48905442,6.687446933,32,0.043039962,split
p,48,b,41.61926461,82.32759618,32,2.60E-05,turn
p,48,b,57.37206721,97.99506941,32,0.089315652,turn
p,48,b,56.83610582,105.9231659,32,0.015375201,turn
p,48,b,55.99080963,104.706246,32,0.032485697,turn
p,48,b,55.06134615,103.4344852,32,0.015943252,turn
p,48,b,62.48921125,127.7128744,32,0.021542666,turn
p,48,b,59.7281345,150.779647,32,0,turn
p,51,b,5.199357937,10.34413558,32,0.829104725,turn
p,51,b,11.10220443,61.96819448,32,0.48444301,turn
p,51,b,15.11554573,62.47126984,32,0.15226346,turn
p,51,b,17.77405205,60.15668337,32,0.062774107,turn
p,51,b,19.77766646,66.66835922,32,0.02051988,turn
p,51,b,24.38787343,114.9463016,32,0.082416308,turn
p,51,b,27.97481178,152.6920889,32,0.100872686,turn
p,53,b,2.842299859,6.35114835,32,0.969423642,turn
p,53,b,5.941710542,58.81727283,32,9.59E-05,turn
p,53,b,13.70532825,57.99135703,32,0.08765045,turn
p,53,b,14.68882242,57.90298405,32,0.115851951,turn
p,53,b,24.63529512,115.1867094,32,0.009200204,turn
p,53,b,26.02998554,128.613154,32,0.00939055,turn
p,53,b,27.66713592,152.4240764,32,0.051028584,turn
p,55,b,9.64553411,9.118662609,32,0.61251936,split
p,55,b,60.6684866,23.73817515,32,0.063367834,turn
p,55,b,92.29720257,55.65421234,32,0.106694571,turn
p,55,b,136.2024084,98.31147582,32,0.014075216,turn
p,57,b,2.809153205,6.647339397,32,0.669456787,turn
p,57,b,4.326365593,54.4276799,32,0.027869882,turn
p,57,b,12.23366342,56.52281965,32,0.081736122,turn
p,57,b,14.1205216,56.70837156,32,0.126370001,turn
p,57,b,26.09527863,117.4613289,32,0.092230552,turn
p,59,b,7.478365401,12.70798397,32,0.85641728,turn
p,59,b,9.24597268,62.06788411,32,0.11572183,turn
p,59,b,16.3550243,60.65829171,32,0.03283078,turn
p,59,b,17.08147013,59.45537346,32,0.214832412,turn
p,61,b,6.399070143,9.69604208,32,0.313181601,split
p,61,b,39.02381096,16.72631594,32,0.27758536,turn
p,61,b,45.83634901,23.78374622,32,0.156370768,turn
p,61,b,140.2967627,105.5453334,32,0.099694422,turn
p,61,b,194.6074639,169.4608144,32,0.081368796,turn
p,61,b,198.1815581,172.9377793,32,0.040369516,turn
p,61,b,209.1985451,182.8955758,32,0.009701364,turn
p,62,b,1.698085678,8.724348351,32,1.004527765,turn
p,62,b,7.897553484,53.69013407,32,0.108593523,turn
p,62,b,15.07010112,55.90619389,32,0.06682288,turn
p,62,b,14.75450615,53.91912505,32,0.166397086,turn
p,63,b,0.947410298,7.403160537,32,1.142496401,turn
p,63,b,7.350700416,58.77919222,32,0.036266819,turn
p,63,b,14.59093297,57.00325345,32,0.025357824,turn
p,63,b,14.7672292,57.08892308,32,0.027674938,turn
p,63,b,22.48229012,100.0694158,32,0.01194672,turn
p,63,b,27.17626366,118.927443,32,0.081915003,turn
p,63,b,27.95409355,133.0777548,32,0.054176738,turn
p,64,b,3.855400791,9.877409799,32,0.862497619,turn
p,64,b,7.688073903,60.26172231,32,0.059589014,turn
p,64,b,15.79486579,58.37227178,32,0.070686831,turn
p,64,b,15.54282918,57.0817459,32,0.038941286,turn
p,64,b,25.92386995,117.3745405,32,0.106979047,turn
p,64,b,26.03162222,129.9020977,32,0.071526116,turn
p,64,b,26.52163668,151.2456618,32,0.06217952,turn
p,65,b,2.253856643,7.179308176,32,1.076337081,turn
p,65,b,6.899846811,58.0057594,32,0.138282299,turn
p,65,b,15.31536673,59.91921061,32,0.04881588,turn
p,65,b,16.40010669,57.29455156,32,0.047546456,turn
p,67,b,2.119490293,8.998954729,32,0.873667182,turn
p,67,b,7.239636602,59.97701088,32,0.034507761,turn
p,67,b,14.87823039,58.89555453,32,0.013804702,turn
p,67,b,15.64859505,58.57120251,32,0.085020411,turn
p,80,b,3.919219092,7.121860897,32,0.482646223,turn
p,80,b,4.65293256,52.44011528,32,0.127638784,turn
p,80,b,13.32696392,57.24798101,32,0.057721991,turn
p,80,b,15.08406045,55.89034504,32,0.07673853,turn
p,80,b,25.14970497,116.5280817,32,0.06548981,turn
p,80,b,26.83704758,151.5948897,32,0.033958666,turn
p,81,b,3.636449122,4.741220006,32,0.804854537,turn
p,81,b,7.265370242,58.91722139,32,0.080185483,turn
p,81,b,15.56618313,58.7711761,32,0.051746895,turn
p,81,b,16.95849137,60.89674111,32,0.013500887,turn
p,81,b,27.88953401,119.5785696,32,0.052025043,turn
p,81,b,28.01495925,131.3536136,32,0.046335663,turn
p,81,b,29.43573391,154.16849,32,0.10523685,turn
p,82,b,1.169377534,6.257695134,32,1.012109615,turn
p,82,b,8.093768723,58.50724333,32,0.15363284,turn
p,82,b,14.96700961,57.87424354,32,0.051185255,turn
p,82,b,17.05282669,58.09570171,32,0.067670844,turn
p,84,b,1.572192488,8.408267518,32,1.242095047,turn
p,84,b,4.495344121,58.19341087,32,0.020972798,turn
p,84,b,14.5214586,59.94652331,32,0.025084148,turn
p,84,b,15.6178434,59.66234759,32,0.000102099,turn
p,84,b,27.06540051,118.4221328,32,0.049676828,turn
p,84,b,28.21392587,131.7036839,32,0.120749948,turn
p,85,b,6.368865543,8.111103234,32,0.704006832,split
p,85,b,75.34431099,77.66564605,32,0.100374572,turn
p,85,b,41.67203511,124.8369011,32,0.265469272,turn
p,85,b,29.00203476,153.6931233,32,0.020418304,turn
p,88,b,0.32580393,7.340212504,32,0.856358154,turn
p,88,b,6.447925117,58.29008406,32,0.026630929,turn
p,88,b,14.20785922,55.62249509,32,0.036525457,turn
p,88,b,14.14189204,54.63549733,32,0.11585296,turn
p,88,b,25.76163048,150.5141652,32,0.047359931,turn
p,91,b,3.472279453,9.300218181,32,1.062154473,turn
p,91,b,8.452304061,60.99621422,32,0.068585393,turn
p,91,b,15.93932546,60.24704801,32,0.025712645,turn
p,91,b,22.29812249,101.7763721,32,0.051195713,turn
p,91,b,27.57354458,131.4399528,32,0.046812776,turn
p,92,b,0.374241411,6.823989012,32,1.027830753,turn
p,92,b,8.613053734,60.37497364,32,0.151601523,turn
p,92,b,15.83046374,60.50929909,32,0.07121246,turn
p,92,b,16.86592208,58.460054,32,0.026330385,turn
p,92,b,23.44012442,113.9962,32,0.090401475,turn
p,92,b,25.41993653,129.4401037,32,0.134526857,turn
p,92,b,24.73522662,146.1629805,32,0.0111055,turn
p,94,b,3.629955198,8.117842703,32,1.081293743,turn
p,94,b,8.689351447,61.52241326,32,0.090990455,turn
p,94,b,17.58322736,62.8100271,32,0.057624108,turn
p,94,b,17.84840276,58.49173339,32,0.144327157,turn
p,94,b,27.53500478,118.844719,32,0.036336804,turn
p,94,b,28.78777375,153.5518616,32,0.032383471,turn
p,95,b,3.388576836,5.940721029,32,0.895513141,turn
p,95,b,4.275141135,54.50886652,32,0.028271316,turn
p,95,b,13.32435513,55.75826696,32,0.043121469,turn
p,95,b,13.97957354,54.95984234,32,0.028290844,turn
p,95,b,25.77561811,122.2347344,32,0.187394312,turn
p,95,b,27.95278806,133.6045674,32,0.123223671,turn
p,98,b,1.596432925,5.891307306,32,0.711944426,turn
p,98,b,5.594564359,57.84216633,32,0.087181903,turn
p,98,b,14.12952022,57.76256304,32,0.090567763,turn
p,98,b,14.23193084,55.78758967,32,0.029532973,turn
p,98,b,28.01461746,83.00710129,32,0.088471493,turn
p,32,s,2.423814592,33.87757602,34,0.606236672,turn
p,32,s,11.0865271,15.51946304,34,0.202751847,turn
p,32,s,37.17358997,23.32328535,34,0.135650584,turn
p,46,s,0.28965315,31.72001118,34,0.55914185,turn
p,46,s,0.816979515,21.01266794,34,0.184887999,turn
p,46,s,17.47135244,31.577002,34,0.327311942,split
p,46,s,40.38294127,50.52296011,34,0.178266618,turn
p,46,s,75.36226399,67.8281881,34,0.039485478,turn
p,47,s,2.545502782,33.97792023,34,0.42586246,turn
p,53,s,1.568634699,30.25366563,34,0.849804233,turn
p,53,s,5.442610121,19.24250075,34,0.050339243,turn
p,53,s,6.364631477,17.66069439,34,0.093158423,turn
p,55,s,2.761092817,29.6208601,34,0.516412732,turn
p,59,s,1.811517609,30.04903777,34,0.572647015,turn
p,59,s,2.172843731,21.43006591,34,0.198190505,turn
p,59,s,34.78460078,46.99310566,34,0.182024842,turn
p,59,s,97.01453908,57.32515443,34,0.090532504,turn
p,59,s,146.8715457,187.3911303,34,0.008127216,turn
p,67,s,2.557830855,28.33987075,34,0.491938049,turn
p,67,s,3.362775116,21.81479602,34,0.089889829,turn
p,67,s,3.868921688,19.4597922,34,0.091031967,turn
p,67,s,16.50353978,32.48918195,34,0.005942919,split
p,67,s,58.18798251,66.09137432,34,0.071000238,turn
p,67,s,117.4715215,56.70123632,34,0.088666762,turn
p,81,s,1.179714536,31.46399641,34,0.425052805,turn
p,81,s,1.675925681,19.48278552,34,0.191463995,turn
p,81,s,23.27883434,36.8709168,34,0.038034088,split
p,81,s,98.36059801,58.62032155,34,0.160587317,turn
p,85,s,1.027819872,32.42684686,34,0.605060052,turn
p,85,s,0.973436335,22.45962306,34,0.057634816,turn
p,85,s,19.87828054,34.46836208,34,5.27E-05,split
p,85,s,68.83813983,70.1646309,34,0.047661421,turn
p,95,s,0.87137105,31.91084298,34,0.095839719,turn
p,95,s,2.645520955,29.62530702,34,0.009785122,turn
p,95,s,9.7339474,29.6920415,34,0.104482631,turn
p,95,s,41.7678121,50.60789339,34,0.238420109,turn
p,95,s,80.47354051,90.61173507,34,0.009862622,turn
p,95,s,98.13583837,109.1709903,34,0.056314899,turn
p,24,s,2.242753654,14.062592,35,0.14335061,turn
p,24,s,2.975853322,20.12628172,35,0.127037934,turn
p,24,s,0.743806144,154.2853105,35,0.102660304,turn
p,28,s,1.34333883,24.2609742,35,0.271855697,turn
p,28,s,2.035660487,13.21411624,35,0.053827437,turn
p,28,s,4.437637113,17.43787381,35,0.000409019,turn
p,28,s,2.683437793,151.3561839,35,0.037753477,turn
p,45,s,1.239303985,24.10549746,35,0.402643,turn
p,45,s,1.144923124,11.58626977,35,0.157915603,turn
p,45,s,2.717283877,19.92890101,35,0.05556712,turn
p,45,s,1.965348027,147.7107011,35,5.75E-05,turn
p,48,s,0.322509501,27.47256848,35,0.117385634,turn
p,48,s,1.404182124,14.373109,35,0.126684172,turn
p,48,s,2.439795249,23.97063775,35,0.095956834,turn
p,48,s,3.052088927,156.2933849,35,0.02011006,turn
p,61,s,0.488949532,27.04630293,35,0.131071738,turn
p,61,s,1.502511143,17.1226082,35,0.142115792,turn
p,61,s,8.189400248,12.02741008,35,0.048644171,turn
p,61,s,18.48329332,16.01836528,35,0.094301385,turn
p,61,s,13.70117816,40.86196889,35,0.029043106,turn
p,61,s,1.39656969,118.8967725,35,0.001634559,turn
p,61,s,1.948922619,155.5191009,35,0.099389882,turn
p,64,s,0.483733178,25.3092272,35,0.147545542,turn
p,64,s,4.828754518,13.40922104,35,0.009240464,turn
p,64,s,0.965246783,21.93096428,35,0.015459952,turn
p,64,s,0.879630724,145.964016,35,0.019032977,turn
p,80,s,0.524899197,23.37810183,35,0.313334708,turn
p,80,s,1.972432084,12.16741176,35,0.024881163,turn
p,80,s,3.921455544,19.01433246,35,0.046526593,turn
p,80,s,0.783520788,159.1689824,35,0.013723697,turn
p,91,s,0.403274442,27.61190483,35,0.255765374,turn
p,91,s,3.69947441,18.45382097,35,0.307103427,turn
p,91,s,3.186133158,20.2227852,35,0.054865102,turn
p,91,s,0.820900901,104.0528602,35,0.036696146,turn
p,91,s,0.874292507,153.1492568,35,0.030223236,turn
p,30,s,0.056978724,29.63236762,37,0.639068601,turn
p,30,s,5.591026683,1.585229282,37,0.030900623,turn
p,30,s,31.87933904,13.22411396,37,0.041707199,turn
p,30,s,90.9014849,75.84858491,37,0.032086996,turn
p,31,s,1.929475844,32.16004012,37,0.891422488,turn
p,31,s,7.815714949,35.45524704,37,0.000104941,turn
p,31,s,16.77524028,37.36175782,37,0.117108632,turn
p,51,s,1.157056152,29.81343701,37,0.639084128,turn
p,51,s,6.065821958,32.05411012,37,0.085444528,turn
p,51,s,14.43907353,33.69820066,37,0.140274986,turn
p,62,s,1.296747691,29.64975111,37,0.905280393,turn
p,62,s,5.115282811,32.15687152,37,0.09741114,turn
p,63,s,1.900951388,32.61564515,37,0.664846721,turn
p,63,s,4.369988465,30.88795827,37,0.037649385,turn
p,82,s,1.26810246,30.12862555,37,1.570802583,turn
p,82,s,7.803976033,33.75131612,37,0.088385751,turn
p,82,s,17.56444761,36.6216805,37,0.144099241,turn
p,88,s,0.549589862,30.305928,37,1.459802024,turn
p,88,s,1.605710862,27.88938312,37,0.011159113,turn
p,98,s,0.695219955,30.02903117,37,0.686020214,turn
p,98,s,2.08038553,27.86359536,37,0.073530982,turn
p,24,b,1.253114936,15.31091259,39,1.204504466,turn
p,24,b,2.405661461,67.1554417,39,0.024332143,turn
p,24,b,1.25938533,107.4126619,39,0.113157688,turn
p,24,b,0.54183127,150.526897,39,0.090346419,turn
p,27,b,2.883110014,17.20984623,39,1.149167728,split
p,27,b,4.823138564,39.13516278,39,0.082010049,turn
p,27,b,5.624994534,70.35056193,39,0.044751453,turn
p,27,b,7.118781943,167.3737188,39,0.103856399,turn
p,28,b,1.487235488,16.47306175,39,1.458335982,turn
p,28,b,6.348409983,148.7974228,39,0.131218106,turn
p,30,b,0.439633561,16.00196835,39,0.65215076,turn
p,31,b,0.876193592,15.68641893,39,0.681905742,turn
p,31,b,1.071555277,67.86963875,39,0.004679779,turn
p,31,b,6.061924654,170.7728935,39,0.040340016,turn
p,32,b,1.818027237,14.90145627,39,1.140510319,turn
p,32,b,9.256512677,80.21299538,39,0.036214405,turn
p,32,b,8.202788313,111.2908837,39,0.08400084,turn
p,32,b,6.342191674,148.7593712,39,0.073786617,turn
p,37,b,1.081722886,16.60924979,39,0.891573409,split
p,37,b,11.07309654,122.4699755,39,0.071321991,turn
p,37,b,5.467264489,151.348405,39,0.130419313,turn
p,43,b,1.097067286,15.52299096,39,1.759322558,turn
p,43,b,12.33094498,120.7523189,39,0.019889364,turn
p,45,b,1.263499431,14.70220999,39,0.936590423,turn
p,45,b,2.20154469,42.2721147,39,0.069611167,turn
p,45,b,2.57474064,70.00660203,39,0.094493998,turn
p,45,b,2.210942146,107.5358213,39,0.028061605,turn
p,45,b,2.191321565,110.1927352,39,0.007316075,turn
p,45,b,2.484177221,145.5814546,39,0.008438194,turn
p,46,b,1.257950992,17.10734607,39,0.419939129,split
p,46,b,15.79373163,149.4567386,39,0.063553381,turn
p,47,b,3.417398424,19.13079611,39,0.293030581,turn
p,47,b,2.451942662,44.51812595,39,0.178377089,turn
p,47,b,3.254950315,70.00932192,39,0.011074168,turn
p,47,b,3.302168318,111.2183664,39,0.067834169,turn
p,47,b,3.169387818,146.5394943,39,0.008401585,turn
p,48,b,1.725647592,16.56924563,39,0.184223182,turn
p,48,b,3.582701464,73.2281887,39,0.083003035,turn
p,48,b,2.97448504,114.2195254,39,0.073339388,turn
p,48,b,2.386042063,149.3012929,39,0.031541471,turn
p,51,b,0.998157591,15.5724044,39,0.381287861,turn
p,51,b,4.748159594,79.33883498,39,0.222395934,turn
p,51,b,7.172934526,169.1381858,39,0.126957336,turn
p,53,b,1.825684823,17.58691932,39,1.10548573,turn
p,53,b,3.999478048,70.19003574,39,0.101767855,turn
p,53,b,4.884851466,150.2137405,39,0.188374987,turn
p,55,b,0.784557806,15.21732997,39,0.924231369,turn
p,55,b,5.272114647,74.28292356,39,0.064558955,turn
p,55,b,4.168574099,109.3261257,39,0.068519175,turn
p,55,b,3.577522101,146.9650338,39,0.024837893,turn
p,57,b,1.886985639,16.01028146,39,0.437024367,turn
p,57,b,2.661693385,68.3672524,39,0.127402602,turn
p,57,b,4.01062098,148.2562909,39,0.082023859,turn
p,59,b,1.564662545,13.30057048,39,0.250748303,turn
p,59,b,3.019468849,67.3466459,39,0.049351938,turn
p,59,b,4.675004749,165.7221123,39,0.041778552,turn
p,61,b,1.291906706,17.1769072,39,0.249138702,turn
p,61,b,2.568726395,46.41550562,39,0.185140277,turn
p,61,b,3.329774232,70.59613237,39,0.04665967,turn
p,61,b,2.312772699,110.71871,39,0.03291165,turn
p,61,b,1.686601547,151.9492175,39,0.146356418,turn
p,62,b,1.072813015,16.96342842,39,1.29540633,turn
p,62,b,5.067941866,90.70895684,39,0.286032004,turn
p,62,b,5.060637269,106.268287,39,0.019623426,turn
p,62,b,4.175118517,153.1911845,39,0.146639809,turn
p,63,b,1.7443583,17.60954424,39,0.967930744,turn
p,63,b,6.443688618,69.98787203,39,0.037671233,split
p,63,b,9.706543574,148.0720848,39,0.103525851,turn
p,64,b,0.494668223,15.41294445,39,1.69874805,split
p,64,b,4.693409503,63.79592573,39,5.10E-05,turn
p,64,b,2.853329521,147.907539,39,0.049249614,turn
p,65,b,1.800708748,14.93197385,39,1.69882191,split
p,67,b,1.520216088,17.41084549,39,0.774930692,turn
p,67,b,1.355126316,68.47215809,39,0.011709608,turn
p,67,b,1.818965158,149.9894727,39,0.132289831,turn
p,80,b,1.795383016,14.78926179,39,0.866357593,turn
p,80,b,1.755241437,43.73842781,39,0.016216947,turn
p,80,b,2.992285039,73.9971562,39,0.161238903,turn
p,80,b,6.17601043,170.442912,39,0.098023913,turn
p,81,b,1.432437431,16.03490375,39,0.577997507,turn
p,81,b,3.318128949,76.22321864,39,0.217671017,turn
p,81,b,3.083349618,160.3076189,39,0.158043869,turn
p,82,b,1.664803229,16.79043392,39,0.708552382,turn
p,82,b,1.885991284,62.73594877,39,0.037781333,turn
p,82,b,8.086720329,173.9785695,39,0.096197122,turn
p,84,b,3.100258462,14.05746451,39,0.994819101,turn
p,84,b,5.277946824,44.82110178,39,0.109584078,turn
p,84,b,3.533594404,55.07914169,39,0.238701877,turn
p,84,b,4.61664162,79.81532983,39,0.12795591,turn
p,84,b,3.718123379,163.5394363,39,0.034503735,turn
p,85,b,1.523101247,17.38767571,39,0.42216982,turn
p,85,b,4.796798144,75.81022785,39,0.130611499,turn
p,85,b,3.36479807,108.2817967,39,0.020388276,turn
p,85,b,2.712664315,149.2687176,39,0.024598111,turn
p,88,b,1.956193645,14.02556218,39,0.869616536,turn
p,88,b,6.236924617,76.76472365,39,0.122259955,turn
p,88,b,3.53991474,153.9863953,39,0.008787901,turn
p,91,b,3.877166622,13.07430382,39,1.054066597,turn
p,91,b,1.800961157,71.5249279,39,0.14430375,turn
p,91,b,1.283736023,109.4583354,39,0.039731047,turn
p,91,b,2.508692108,148.93026,39,0.011132125,turn
p,92,b,1.735121856,16.12704539,39,0.805217566,turn
p,92,b,2.144784093,47.41124394,39,0.021844154,turn
p,92,b,5.001954315,74.82482023,39,0.173789567,turn
p,94,b,1.751543059,14.66056167,39,1.205291169,turn
p,94,b,6.53674059,76.82990397,39,2.02E-05,turn
p,94,b,3.256233579,153.6379263,39,0.066104772,turn
p,95,b,2.423042525,15.44672645,39,1.68754915,turn
p,95,b,2.514365761,69.95525361,39,0.056729392,turn
p,95,b,3.162203134,108.5975039,39,0.061831989,turn
p,95,b,2.87718507,154.7621866,39,0.207595831,turn
p,98,b,1.652692,15.85243,39,1.367314,turn
p,98,b,1.905635,68.49517,39,0.04247631,turn
p,98,b,6.733598,172.8415,39,0.306069,turn
p,24,b,1.791052,9.161195,41,1.173861,turn
p,24,b,14.45391,47.6074,41,0.05274138,turn
p,24,b,16.61274,115.4676,41,0.001544499,turn
p,27,b,12.93203,45.72389,41,0.06253636,turn
p,27,b,11.18026,92.88737,41,0.0162578,turn
p,27,b,11.34367,96.97625,41,0.02842293,turn
p,28,b,0.4418755,7.701547,41,1.222704,turn
p,28,b,11.06466,44.27714,41,0.05013465,turn
p,28,b,17.33186,177.5603,41,0.0107977,turn
p,30,b,2.313848,5.421552,41,0.8311723,turn
p,30,b,4.162604,28.93724,41,0.01035522,turn
p,31,b,1.065873,7.15322,41,1.980059,turn
p,31,b,9.832398,37.35141,41,0.05170236,turn
p,32,b,2.718928,9.34442,41,0.7370548,turn
p,32,b,15.10411,51.98217,41,0.07718394,turn
p,32,b,16.69978,50.08855,41,0,turn
p,32,b,16.71469,50.25275,41,0.1522449,turn
p,37,b,2.341283,9.956623,41,0.8793499,turn
p,37,b,15.64157,48.95588,41,0.02084646,turn
p,37,b,16.49366,118.7992,41,0.05955953,turn
p,43,b,1.371588,6.778565,41,0.4644746,turn
p,43,b,55.74026,22.9476,41,0.06336221,turn
p,43,b,96.78956,38.42693,41,0.03607533,turn
p,43,b,96.23617,23.87733,41,0.05887692,turn
p,45,b,1.417746,8.796478,41,0.9689205,turn
p,45,b,15.85122,49.07312,41,0.08285605,turn
p,46,b,1.008641,8.978208,41,0.5084732,turn
p,46,b,15.64744,48.80607,41,0.07111727,turn
p,46,b,16.74925,95.45565,41,0.009597123,turn
p,47,b,0.7760457,8.405177,41,0.8395881,turn
p,47,b,5.708577,32.77535,41,0.05358214,turn
p,47,b,12.67699,45.70484,41,0.01988766,turn
p,48,b,1.269192,6.865985,41,1.56789,turn
p,48,b,6.882563,37.96709,41,0.07167627,turn
p,48,b,12.72881,44.77339,41,0.01036611,turn
p,51,b,0.7980311,7.747293,41,1.085311,turn
p,53,b,0.6366411,8.651001,41,1.093107,turn
p,53,b,14.01988,47.28829,41,0.1038752,turn
p,53,b,15.39332,148.9049,41,0.03310891,turn
p,55,b,1.207174,7.787559,41,0.9393071,turn
p,55,b,21.96385,13.51195,41,0.1766846,turn
p,55,b,35.39421,10.79185,41,0.04897537,turn
p,55,b,81.89627,53.13401,41,0.000117993,turn
p,55,b,97.0076,41.77244,41,0.04674301,turn
p,55,b,94.70032,29.82406,41,0.188391,turn
p,57,b,0.1138623,8.068227,41,1.340116,turn
p,57,b,10.88718,42.76342,41,0,turn
p,57,b,11.7618,43.5839,41,0.01305324,turn
p,57,b,13.33225,112.7176,41,0.08907745,turn
p,59,b,1.716013,7.485198,41,1.790789,turn
p,59,b,13.81381,46.71919,41,0.1015553,turn
p,61,b,0.3220954,7.809754,41,0.7729188,turn
p,61,b,8.931402,41.6238,41,0.03092601,turn
p,62,b,1.350226,8.034409,41,0.3617051,turn
p,62,b,12.88425,45.60438,41,0.01310803,turn
p,63,b,0.2120527,8.079704,41,1.189219,turn
p,63,b,16.90358,49.34117,41,0.04112084,turn
p,63,b,19.90852,121.6003,41,0.06890354,turn
p,64,b,1.750175,4.820644,41,0.03148676,turn
p,64,b,2.13354,3.044025,41,0.148088,turn
p,64,b,53.08619,25.06354,41,0.0421983,turn
p,64,b,98.20804,41.56612,41,0.04736985,turn
p,64,b,96.57188,24.02323,41,0.04143325,turn
p,64,b,93.84665,164.9293,41,0.009708546,turn
p,65,b,1.417746,8.796478,41,1.013516,turn
p,65,b,14.86561,47.90646,41,0.1660025,turn
p,67,b,2.859892,9.96328,41,1.095198,turn
p,67,b,12.58339,45.9798,41,0.07309567,turn
p,80,b,0.5576988,7.633679,41,2.209866,turn
p,81,b,21.96949,13.58876,41,1.23521,turn
p,81,b,56.43183,22.09501,41,0.1164041,turn
p,81,b,65.98285,31.12403,41,0.08530617,turn
p,81,b,98.17688,41.23661,41,0.009250705,turn
p,81,b,96.39596,22.42553,41,0.01172095,turn
p,82,b,1.597845,7.157813,41,0.1053317,turn
p,82,b,2.131522,5.828383,41,0.1584012,turn
p,82,b,13.98061,46.25234,41,0.02012448,turn
p,84,b,1.381102,9.308847,41,0.3284799,turn
p,84,b,16.67213,50.10737,41,0.06190443,turn
p,85,b,1.02837,7.104685,41,1.038131,split
p,85,b,13.09262,46.52109,41,0.09929945,turn
p,85,b,18.57075,116.2002,41,0.028687,turn
p,88,b,1.448297,8.110968,41,1.378505,turn
p,88,b,12.05716,45.18184,41,0.07158881,turn
p,88,b,14.41159,117.0344,41,0.05810586,turn
p,91,b,2.151311,9.344134,41,1.206187,turn
p,91,b,12.6618,45.7486,41,0.1013998,turn
p,91,b,15.37217,148.8577,41,0.0850596,turn
p,92,b,1.962024,8.948053,41,1.553875,turn
p,92,b,15.60983,48.70742,41,0.04184284,turn
p,94,b,0.6944293,8.180289,41,1.362592,turn
p,94,b,14.50652,47.54737,41,0.02915406,turn
p,95,b,1.622643,7.782439,41,1.432714,turn
p,95,b,14.16888,47.4331,41,0.1928397,turn
p,98,b,0.4164221,8.439279,41,0.2005233,turn
p,98,b,12.76757,45.34401,41,0.0307109,turn
p,32,s,3.521766,38.59928,9,0.3384297,turn
p,32,s,2.819485,16.71356,9,0.1244089,turn
p,32,s,6.798817,41.22854,9,0.06515872,turn
p,95,s,20.9507,14.78883,9,0.3090569,turn
p,95,s,21.27294,5.045321,9,0.03523405,turn
p,95,s,37.81453,52.51802,9,0.05671497,turn
p,46,s,7.262869,42.46194,9,0.6183118,turn
p,46,s,3.082676,18.23673,9,0.1321537,turn
p,46,s,3.429653,17.11979,9,0.0275964,turn
p,46,s,3.552643,65.07658,9,0.02935601,turn
p,47,s,1.495698,34.14036,9,0.5191053,turn
p,47,s,3.784407,16.20788,9,0.1005269,turn
p,47,s,10.07998,15.30837,9,0.098414,turn
p,47,s,8.167376,72.29381,9,0.04339495,turn
p,53,s,3.12072,37.52001,9,0.6356927,turn
p,53,s,2.208991,17.42636,9,0.2401805,turn
p,53,s,4.329612,32.31458,9,0.03742029,turn
p,53,s,6.840075,17.99771,9,0.1396613,turn
p,53,s,6.071281,23.3532,9,0.05872581,turn
p,53,s,5.979976,68.39311,9,0.1447671,turn
p,55,s,5.59655,32.24015,9,0.07686714,turn
p,55,s,6.659264,31.40489,9,0.06379774,turn
p,55,s,8.948363,17.98256,9,0.1184483,split
p,55,s,11.45007,31.03552,9,0.01280306,turn
p,55,s,15.71397,38.23742,9,0.1026339,turn
p,55,s,5.639498,55.61687,9,0.09267257,turn
p,59,s,4.167495,39.35622,9,0.4775712,turn
p,59,s,3.34326,18.12377,9,0.1606483,turn
p,59,s,6.678621,17.23518,9,0.1320605,turn
p,59,s,4.65129,70.10835,9,0.05554621,turn
p,67,s,19.56202,22.17145,9,0.3345003,turn
p,67,s,15.93065,29.74831,9,0.2632,split
p,67,s,15.73731,45.18246,9,0.1340492,turn
p,67,s,14.98531,28.99853,9,0.07078028,turn
p,67,s,3.917846,70.45527,9,0.1326736,turn
p,81,s,2.964171,38.06877,9,0.7091949,turn
p,81,s,0.7710654,15.66813,9,0.102884,turn
p,81,s,3.744863,15.42583,9,0.1349213,turn
p,81,s,2.259671,66.78039,9,0.01916983,turn
p,85,s,3.697428,38.65312,9,0.4261157,turn
p,85,s,1.526609,15.58868,9,0.1037476,turn
p,85,s,1.568045,14.64582,9,0.1700357,turn
p,85,s,2.650935,65.79601,9,0.02761451,turn
